Datetime,Open,High,Low,Close,Volume,Ticker
2026-01-08 14:30:00+00:00,1887.2718505859375,1887.928955078125,1886.93798828125,1887.5784912109375,0,000001.SS
2026-01-08 14:31:00+00:00,1887.696533203125,1888.3126220703125,1887.40185546875,1888.24072265625,0,000001.SS
2026-01-08 14:32:00+00:00,1888.108642578125,1888.4222412109375,1887.7425537109375,1888.3577880859375,0,000001.SS
2026-01-08 14:33:00+00:00,1888.34375,1888.600830078125,1888.1220703125,1888.600830078125,0,000001.SS
2026-01-08 14:34:00+00:00,1888.638916015625,1890.0377197265625,1888.4964599609375,1889.0478515625,0,000001.SS
2026-01-08 14:35:00+00:00,1889.1429443359375,1890.07666015625,1889.1383056640625,1889.951416015625,0,000001.SS
2026-01-08 14:36:00+00:00,1889.937255859375,1891.505615234375,1889.937255859375,1891.505615234375,0,000001.SS
2026-01-08 14:37:00+00:00,1891.32958984375,1891.9755859375,1890.787841796875,1890.787841796875,0,000001.SS
2026-01-08 14:38:00+00:00,1890.6119384765625,1890.814697265625,1889.9527587890625,1890.5008544921875,0,000001.SS
2026-01-08 14:39:00+00:00,1890.47265625,1890.47265625,1889.1331787109375,1889.2947998046875,0,000001.SS
2026-01-08 14:40:00+00:00,1889.394775390625,1890.627197265625,1889.36279296875,1890.0992431640625,0,000001.SS
2026-01-08 14:41:00+00:00,1890.083740234375,1890.3824462890625,1889.12939453125,1889.4287109375,0,000001.SS
2026-01-08 14:42:00+00:00,1889.5167236328125,1889.799072265625,1889.0286865234375,1889.0286865234375,0,000001.SS
2026-01-08 14:43:00+00:00,1888.9874267578125,1889.0423583984375,1887.4404296875,1887.4632568359375,0,000001.SS
2026-01-08 14:44:00+00:00,1887.287353515625,1888.154296875,1887.287353515625,1888.1103515625,0,000001.SS
2026-01-08 14:45:00+00:00,1888.142333984375,1888.708251953125,1887.7996826171875,1888.576171875,0,000001.SS
2026-01-08 14:46:00+00:00,1888.624755859375,1888.7718505859375,1887.79638671875,1887.79638671875,0,000001.SS
2026-01-08 14:47:00+00:00,1887.783447265625,1887.93603515625,1887.043701171875,1887.4132080078125,0,000001.SS
2026-01-08 14:48:00+00:00,1887.3251953125,1887.779052734375,1887.130859375,1887.6910400390625,0,000001.SS
2026-01-08 14:49:00+00:00,1887.779052734375,1888.2073974609375,1887.3377685546875,1887.3377685546875,0,000001.SS
2026-01-08 14:50:00+00:00,1887.2476806640625,1888.3055419921875,1886.891845703125,1888.2838134765625,0,000001.SS
2026-01-08 14:51:00+00:00,1888.222900390625,1888.236328125,1887.6937255859375,1888.236328125,0,000001.SS
2026-01-08 14:52:00+00:00,1888.2904052734375,1888.424560546875,1887.8160400390625,1888.1280517578125,0,000001.SS
2026-01-08 14:53:00+00:00,1888.172119140625,1888.18798828125,1887.7744140625,1888.0697021484375,0,000001.SS
2026-01-08 14:54:00+00:00,1888.3076171875,1889.4700927734375,1888.21240234375,1889.208984375,0,000001.SS
2026-01-08 14:55:00+00:00,1889.200439453125,1889.3079833984375,1888.5142822265625,1888.6065673828125,0,000001.SS
2026-01-08 14:56:00+00:00,1888.2320556640625,1889.04638671875,1888.087646484375,1888.44384765625,0,000001.SS
2026-01-08 14:57:00+00:00,1888.3558349609375,1888.403076171875,1887.71435546875,1888.0780029296875,0,000001.SS
2026-01-08 14:58:00+00:00,1888.016357421875,1888.16015625,1887.9073486328125,1888.024658203125,0,000001.SS
2026-01-08 14:59:00+00:00,1887.960693359375,1887.960693359375,1887.467041015625,1887.4920654296875,0,000001.SS
2026-01-08 15:00:00+00:00,1886.5989990234375,1887.0679931640625,1886.300048828125,1886.395263671875,0,000001.SS
2026-01-08 15:01:00+00:00,1886.1337890625,1886.216552734375,1885.44287109375,1886.216552734375,0,000001.SS
2026-01-08 15:02:00+00:00,1886.293212890625,1886.5281982421875,1885.940185546875,1886.5281982421875,0,000001.SS
2026-01-08 15:03:00+00:00,1886.5709228515625,1887.052978515625,1886.3541259765625,1886.3541259765625,0,000001.SS
2026-01-08 15:04:00+00:00,1886.31005859375,1887.045166015625,1886.31005859375,1886.856201171875,0,000001.SS
2026-01-08 15:05:00+00:00,1886.941162109375,1887.6719970703125,1886.8531494140625,1887.66845703125,0,000001.SS
2026-01-08 15:06:00+00:00,1887.716064453125,1888.179931640625,1887.716064453125,1888.08203125,0,000001.SS
2026-01-08 15:07:00+00:00,1888.0565185546875,1888.4091796875,1888.016845703125,1888.4091796875,0,000001.SS
2026-01-08 15:08:00+00:00,1888.4091796875,1889.38525390625,1888.3372802734375,1889.3729248046875,0,000001.SS
2026-01-08 15:09:00+00:00,1889.2850341796875,1890.2349853515625,1888.947021484375,1890.228271484375,0,000001.SS
2026-01-08 15:10:00+00:00,1890.172119140625,1890.89013671875,1890.1376953125,1890.3714599609375,0,000001.SS
2026-01-08 15:11:00+00:00,1890.4033203125,1891.1656494140625,1890.4033203125,1891.1656494140625,0,000001.SS
2026-01-08 15:12:00+00:00,1891.2095947265625,1891.7264404296875,1891.0465087890625,1891.7264404296875,0,000001.SS
2026-01-08 15:13:00+00:00,1891.8255615234375,1892.7032470703125,1891.75537109375,1892.515380859375,0,000001.SS
2026-01-08 15:14:00+00:00,1892.5333251953125,1892.992431640625,1892.2440185546875,1892.265869140625,0,000001.SS
2026-01-08 15:15:00+00:00,1892.3135986328125,1892.8648681640625,1892.2972412109375,1892.7447509765625,0,000001.SS
2026-01-08 15:16:00+00:00,1892.7508544921875,1893.815185546875,1892.7210693359375,1893.6407470703125,0,000001.SS
2026-01-08 15:17:00+00:00,1893.728759765625,1894.7235107421875,1893.72509765625,1894.6707763671875,0,000001.SS
2026-01-08 15:18:00+00:00,1894.670654296875,1894.670654296875,1893.766357421875,1893.98876953125,0,000001.SS
2026-01-08 15:19:00+00:00,1893.9747314453125,1894.1728515625,1893.7542724609375,1893.99365234375,0,000001.SS
2026-01-08 15:20:00+00:00,1893.94384765625,1894.3271484375,1893.5150146484375,1893.601806640625,0,000001.SS
2026-01-08 15:21:00+00:00,1893.6898193359375,1893.76025390625,1893.074951171875,1893.074951171875,0,000001.SS
2026-01-08 15:22:00+00:00,1893.0714111328125,1893.111572265625,1892.45654296875,1892.45654296875,0,000001.SS
2026-01-08 15:23:00+00:00,1892.574462890625,1892.700927734375,1892.350341796875,1892.6929931640625,0,000001.SS
2026-01-08 15:24:00+00:00,1892.6490478515625,1893.078857421875,1892.4615478515625,1892.4615478515625,0,000001.SS
2026-01-08 15:25:00+00:00,1892.5936279296875,1892.66650390625,1891.9757080078125,1892.025634765625,0,000001.SS
2026-01-08 15:26:00+00:00,1892.0594482421875,1892.11083984375,1890.9656982421875,1891.115234375,0,000001.SS
2026-01-08 15:27:00+00:00,1891.162841796875,1891.2205810546875,1890.792724609375,1891.1302490234375,0,000001.SS
2026-01-08 15:28:00+00:00,1891.1173095703125,1891.3209228515625,1890.8656005859375,1890.9710693359375,0,000001.SS
2026-01-08 15:29:00+00:00,1890.9710693359375,1891.1278076171875,1890.804443359375,1890.98486328125,0,000001.SS
2026-01-08 15:30:00+00:00,1890.9708251953125,1890.9708251953125,1889.5609130859375,1889.9249267578125,0,000001.SS
2026-01-08 15:31:00+00:00,1889.907958984375,1889.907958984375,1888.975341796875,1889.2183837890625,0,000001.SS
2026-01-08 15:32:00+00:00,1889.2430419921875,1890.1175537109375,1889.01904296875,1889.680419921875,0,000001.SS
2026-01-08 15:33:00+00:00,1889.6988525390625,1890.1568603515625,1889.6170654296875,1890.0589599609375,0,000001.SS
2026-01-08 15:34:00+00:00,1890.0731201171875,1890.5533447265625,1890.0731201171875,1890.5533447265625,0,000001.SS
2026-01-08 15:35:00+00:00,1890.50927734375,1890.785400390625,1890.366455078125,1890.4888916015625,0,000001.SS
2026-01-08 15:36:00+00:00,1890.4859619140625,1890.5909423828125,1890.0791015625,1890.2364501953125,0,000001.SS
2026-01-08 15:37:00+00:00,1890.1925048828125,1891.076171875,1890.1925048828125,1891.076171875,0,000001.SS
2026-01-08 15:38:00+00:00,1891.05712890625,1891.05712890625,1889.9515380859375,1890.0758056640625,0,000001.SS
2026-01-08 15:39:00+00:00,1890.0177001953125,1891.0550537109375,1889.9847412109375,1890.883056640625,0,000001.SS
2026-01-08 15:40:00+00:00,1890.8355712890625,1891.0111083984375,1890.6387939453125,1890.8148193359375,0,000001.SS
2026-01-08 15:41:00+00:00,1890.726806640625,1890.89794921875,1890.16015625,1890.228271484375,0,000001.SS
2026-01-08 15:42:00+00:00,1890.184326171875,1890.6080322265625,1890.0697021484375,1890.6080322265625,0,000001.SS
2026-01-08 15:43:00+00:00,1890.655517578125,1890.9693603515625,1890.21728515625,1890.3306884765625,0,000001.SS
2026-01-08 15:44:00+00:00,1890.6005859375,1890.8702392578125,1890.0037841796875,1890.0516357421875,0,000001.SS
2026-01-08 15:45:00+00:00,1890.1097412109375,1891.01220703125,1890.065673828125,1891.01220703125,0,000001.SS
2026-01-08 15:46:00+00:00,1890.9952392578125,1891.2552490234375,1890.8282470703125,1890.94091796875,0,000001.SS
2026-01-08 15:47:00+00:00,1890.94091796875,1891.0111083984375,1890.4951171875,1890.733154296875,0,000001.SS
2026-01-08 15:48:00+00:00,1890.6451416015625,1890.972900390625,1890.5128173828125,1890.963623046875,0,000001.SS
2026-01-08 15:49:00+00:00,1890.963623046875,1890.963623046875,1890.6646728515625,1890.84130859375,0,000001.SS
2026-01-08 15:50:00+00:00,1890.91162109375,1891.0142822265625,1890.52099609375,1890.9368896484375,0,000001.SS
2026-01-08 15:51:00+00:00,1891.048828125,1891.8555908203125,1891.0047607421875,1891.660400390625,0,000001.SS
2026-01-08 15:52:00+00:00,1891.704345703125,1891.9222412109375,1891.512939453125,1891.679443359375,0,000001.SS
2026-01-08 15:53:00+00:00,1891.528076171875,1891.822998046875,1891.3468017578125,1891.75244140625,0,000001.SS
2026-01-08 15:54:00+00:00,1891.7100830078125,1892.26904296875,1891.509033203125,1892.197509765625,0,000001.SS
2026-01-08 15:55:00+00:00,1892.197509765625,1892.197509765625,1892.197509765625,1892.197509765625,0,000001.SS
2026-01-08 15:56:00+00:00,1892.197509765625,1892.197509765625,1892.197509765625,1892.197509765625,0,000001.SS
2026-01-08 15:57:00+00:00,1892.197509765625,1892.197509765625,1892.197509765625,1892.197509765625,0,000001.SS
2026-01-08 15:58:00+00:00,1892.197509765625,1892.197509765625,1892.197509765625,1892.197509765625,0,000001.SS
2026-01-08 15:59:00+00:00,1892.197509765625,1893.1090087890625,1891.4539794921875,1892.642333984375,0,000001.SS
2026-01-08 16:00:00+00:00,1892.642333984375,1892.642333984375,1892.642333984375,1892.642333984375,0,000001.SS
2026-01-08 16:01:00+00:00,1892.642333984375,1892.642333984375,1892.642333984375,1892.642333984375,0,000001.SS
2026-01-08 16:02:00+00:00,1892.642333984375,1892.642333984375,1892.642333984375,1892.642333984375,0,000001.SS
2026-01-08 16:03:00+00:00,1892.642333984375,1892.642333984375,1892.642333984375,1892.642333984375,0,000001.SS
2026-01-08 16:04:00+00:00,1892.642333984375,1892.642333984375,1892.642333984375,1892.642333984375,0,000001.SS
2026-01-08 16:05:00+00:00,1892.642333984375,1892.642333984375,1892.642333984375,1892.642333984375,0,000001.SS
2026-01-08 16:30:00+00:00,1892.6400146484375,1892.6400146484375,1892.6400146484375,1892.6400146484375,0,000001.SS
2026-01-09 14:30:00+00:00,1901.26904296875,1901.8902587890625,1901.168212890625,1901.3409423828125,0,000001.SS
2026-01-09 14:31:00+00:00,1901.2633056640625,1904.370361328125,1901.025634765625,1903.7882080078125,0,000001.SS
2026-01-09 14:32:00+00:00,1903.876220703125,1904.0535888671875,1903.2467041015625,1903.76318359375,0,000001.SS
2026-01-09 14:33:00+00:00,1903.769287109375,1904.4527587890625,1903.5821533203125,1904.4139404296875,0,000001.SS
2026-01-09 14:34:00+00:00,1903.97412109375,1904.83154296875,1902.8775634765625,1902.9764404296875,0,000001.SS
2026-01-09 14:35:00+00:00,1902.9365234375,1905.0718994140625,1902.9365234375,1904.3533935546875,0,000001.SS
2026-01-09 14:36:00+00:00,1904.3150634765625,1905.5931396484375,1904.3150634765625,1905.19970703125,0,000001.SS
2026-01-09 14:37:00+00:00,1904.8619384765625,1905.1732177734375,1904.400634765625,1904.64453125,0,000001.SS
2026-01-09 14:38:00+00:00,1904.665771484375,1905.5987548828125,1904.2825927734375,1904.90576171875,0,000001.SS
2026-01-09 14:39:00+00:00,1904.849609375,1906.189697265625,1904.8055419921875,1906.189697265625,0,000001.SS
2026-01-09 14:40:00+00:00,1906.247802734375,1906.70263671875,1905.849853515625,1906.70263671875,0,000001.SS
2026-01-09 14:41:00+00:00,1906.63037109375,1908.7802734375,1906.5919189453125,1908.6922607421875,0,000001.SS
2026-01-09 14:42:00+00:00,1908.7802734375,1908.912353515625,1907.2099609375,1907.2099609375,0,000001.SS
2026-01-09 14:43:00+00:00,1907.26806640625,1907.477294921875,1906.7861328125,1906.985107421875,0,000001.SS
2026-01-09 14:44:00+00:00,1907.076416015625,1907.1646728515625,1906.2757568359375,1906.8226318359375,0,000001.SS
2026-01-09 14:45:00+00:00,1906.734619140625,1907.343017578125,1906.38671875,1907.31103515625,0,000001.SS
2026-01-09 14:46:00+00:00,1907.34423828125,1907.6064453125,1905.8018798828125,1905.8018798828125,0,000001.SS
2026-01-09 14:47:00+00:00,1906.092041015625,1906.8984375,1905.979736328125,1906.6820068359375,0,000001.SS
2026-01-09 14:48:00+00:00,1906.5897216796875,1907.244384765625,1906.5450439453125,1907.12646484375,0,000001.SS
2026-01-09 14:49:00+00:00,1907.1942138671875,1907.2880859375,1906.642333984375,1906.784423828125,0,000001.SS
2026-01-09 14:50:00+00:00,1906.7042236328125,1907.6722412109375,1906.6064453125,1906.650390625,0,000001.SS
2026-01-09 14:51:00+00:00,1906.6944580078125,1907.56396484375,1906.2965087890625,1907.56396484375,0,000001.SS
2026-01-09 14:52:00+00:00,1907.2762451171875,1907.56884765625,1906.7156982421875,1906.93408203125,0,000001.SS
2026-01-09 14:53:00+00:00,1906.96240234375,1906.96240234375,1905.9149169921875,1906.061767578125,0,000001.SS
2026-01-09 14:54:00+00:00,1906.075927734375,1906.6014404296875,1905.850341796875,1906.557373046875,0,000001.SS
2026-01-09 14:55:00+00:00,1906.6014404296875,1907.009521484375,1906.4208984375,1906.821044921875,0,000001.SS
2026-01-09 14:56:00+00:00,1906.77392578125,1907.5550537109375,1906.67578125,1907.3807373046875,0,000001.SS
2026-01-09 14:57:00+00:00,1907.336669921875,1907.662841796875,1907.1099853515625,1907.4339599609375,0,000001.SS
2026-01-09 14:58:00+00:00,1907.51904296875,1907.6495361328125,1907.028076171875,1907.0540771484375,0,000001.SS
2026-01-09 14:59:00+00:00,1906.9833984375,1907.152587890625,1906.591552734375,1907.152587890625,0,000001.SS
2026-01-09 15:00:00+00:00,1907.2701416015625,1908.767578125,1907.2701416015625,1908.44140625,0,000001.SS
2026-01-09 15:01:00+00:00,1908.3974609375,1908.6673583984375,1907.4443359375,1907.4443359375,0,000001.SS
2026-01-09 15:02:00+00:00,1907.617431640625,1907.850341796875,1906.607666015625,1907.1552734375,0,000001.SS
2026-01-09 15:03:00+00:00,1907.2432861328125,1907.5045166015625,1905.854248046875,1905.921875,0,000001.SS
2026-01-09 15:04:00+00:00,1905.957275390625,1906.2891845703125,1904.6201171875,1904.6201171875,0,000001.SS
2026-01-09 15:05:00+00:00,1904.7943115234375,1904.899658203125,1904.14453125,1904.3824462890625,0,000001.SS
2026-01-09 15:06:00+00:00,1904.33837890625,1905.4930419921875,1904.33837890625,1905.4930419921875,0,000001.SS
2026-01-09 15:07:00+00:00,1905.6375732421875,1906.4156494140625,1905.498046875,1905.7220458984375,0,000001.SS
2026-01-09 15:08:00+00:00,1905.728515625,1905.744873046875,1904.3197021484375,1904.720703125,0,000001.SS
2026-01-09 15:09:00+00:00,1904.9500732421875,1905.56689453125,1904.7088623046875,1905.533447265625,0,000001.SS
2026-01-09 15:10:00+00:00,1905.5052490234375,1905.9798583984375,1904.5274658203125,1905.1571044921875,0,000001.SS
2026-01-09 15:11:00+00:00,1905.1502685546875,1905.7054443359375,1904.8631591796875,1905.240234375,0,000001.SS
2026-01-09 15:12:00+00:00,1905.206298828125,1905.9195556640625,1905.1182861328125,1905.8636474609375,0,000001.SS
2026-01-09 15:13:00+00:00,1906.141845703125,1906.558349609375,1905.8592529296875,1906.5302734375,0,000001.SS
2026-01-09 15:14:00+00:00,1906.5302734375,1906.5302734375,1906.0625,1906.36083984375,0,000001.SS
2026-01-09 15:15:00+00:00,1906.375,1906.375,1905.73876953125,1905.91748046875,0,000001.SS
2026-01-09 15:16:00+00:00,1905.887451171875,1906.74853515625,1905.887451171875,1906.6605224609375,0,000001.SS
2026-01-09 15:17:00+00:00,1906.7044677734375,1906.817138671875,1906.3756103515625,1906.5531005859375,0,000001.SS
2026-01-09 15:18:00+00:00,1906.6209716796875,1907.413818359375,1906.478759765625,1907.2891845703125,0,000001.SS
2026-01-09 15:19:00+00:00,1907.421142578125,1907.421142578125,1906.98046875,1907.1485595703125,0,000001.SS
2026-01-09 15:20:00+00:00,1907.1485595703125,1907.593505859375,1906.8367919921875,1907.549560546875,0,000001.SS
2026-01-09 15:21:00+00:00,1907.5982666015625,1908.080322265625,1907.439453125,1907.5716552734375,0,000001.SS
2026-01-09 15:22:00+00:00,1907.5716552734375,1907.8057861328125,1907.1612548828125,1907.5673828125,0,000001.SS
2026-01-09 15:23:00+00:00,1907.6396484375,1908.343994140625,1907.2891845703125,1907.2891845703125,0,000001.SS
2026-01-09 15:24:00+00:00,1907.349609375,1908.3702392578125,1907.349609375,1908.3702392578125,0,000001.SS
2026-01-09 15:25:00+00:00,1908.426513671875,1908.9381103515625,1908.426513671875,1908.8951416015625,0,000001.SS
2026-01-09 15:26:00+00:00,1908.8951416015625,1909.5877685546875,1908.8614501953125,1909.2626953125,0,000001.SS
2026-01-09 15:27:00+00:00,1909.273681640625,1910.2447509765625,1909.273681640625,1910.2447509765625,0,000001.SS
2026-01-09 15:28:00+00:00,1910.20068359375,1910.4510498046875,1909.9461669921875,1910.171142578125,0,000001.SS
2026-01-09 15:29:00+00:00,1910.1591796875,1910.7391357421875,1910.1549072265625,1910.295166015625,0,000001.SS
2026-01-09 15:30:00+00:00,1910.394775390625,1910.82861328125,1910.1483154296875,1910.82861328125,0,000001.SS
2026-01-09 15:31:00+00:00,1910.8427734375,1911.069580078125,1910.375,1910.375,0,000001.SS
2026-01-09 15:32:00+00:00,1910.3326416015625,1910.3326416015625,1909.545654296875,1909.6993408203125,0,000001.SS
2026-01-09 15:33:00+00:00,1909.6080322265625,1909.6080322265625,1908.9119873046875,1909.129638671875,0,000001.SS
2026-01-09 15:34:00+00:00,1909.15234375,1909.238037109375,1908.8953857421875,1909.238037109375,0,000001.SS
2026-01-09 15:35:00+00:00,1909.181640625,1909.3839111328125,1908.4222412109375,1909.3050537109375,0,000001.SS
2026-01-09 15:36:00+00:00,1909.3631591796875,1909.648193359375,1909.216064453125,1909.216064453125,0,000001.SS
2026-01-09 15:37:00+00:00,1909.18798828125,1909.7703857421875,1909.0716552734375,1909.190673828125,0,000001.SS
2026-01-09 15:38:00+00:00,1909.345458984375,1909.446044921875,1908.8052978515625,1908.8614501953125,0,000001.SS
2026-01-09 15:39:00+00:00,1908.849853515625,1909.0020751953125,1908.4677734375,1908.5782470703125,0,000001.SS
2026-01-09 15:40:00+00:00,1908.5462646484375,1909.036865234375,1908.416259765625,1908.54345703125,0,000001.SS
2026-01-09 15:41:00+00:00,1908.326416015625,1908.4140625,1906.4825439453125,1906.570556640625,0,000001.SS
2026-01-09 15:42:00+00:00,1906.6146240234375,1906.8504638671875,1905.9453125,1905.9453125,0,000001.SS
2026-01-09 15:43:00+00:00,1905.9041748046875,1906.09228515625,1905.67236328125,1905.67236328125,0,000001.SS
2026-01-09 15:44:00+00:00,1905.5404052734375,1906.0445556640625,1905.419189453125,1905.8519287109375,0,000001.SS
2026-01-09 15:45:00+00:00,1905.763916015625,1906.44677734375,1905.5655517578125,1905.8033447265625,0,000001.SS
2026-01-09 15:46:00+00:00,1905.7044677734375,1906.4874267578125,1905.688720703125,1905.80712890625,0,000001.SS
2026-01-09 15:47:00+00:00,1905.80712890625,1905.80712890625,1905.012939453125,1905.060546875,0,000001.SS
2026-01-09 15:48:00+00:00,1905.0164794921875,1905.2508544921875,1904.51806640625,1904.747802734375,0,000001.SS
2026-01-09 15:49:00+00:00,1904.6082763671875,1905.3072509765625,1904.6082763671875,1905.0443115234375,0,000001.SS
2026-01-09 15:50:00+00:00,1904.840087890625,1905.52880859375,1904.4139404296875,1905.308837890625,0,000001.SS
2026-01-09 15:51:00+00:00,1905.32080078125,1906.2960205078125,1905.32080078125,1905.9654541015625,0,000001.SS
2026-01-09 15:52:00+00:00,1905.891845703125,1906.18994140625,1904.5501708984375,1904.5501708984375,0,000001.SS
2026-01-09 15:53:00+00:00,1904.59423828125,1905.1064453125,1904.063232421875,1904.2216796875,0,000001.SS
2026-01-09 15:54:00+00:00,1904.17431640625,1904.9942626953125,1904.17431640625,1904.975341796875,0,000001.SS
2026-01-09 15:55:00+00:00,1904.9312744140625,1904.9312744140625,1904.9312744140625,1904.9312744140625,0,000001.SS
2026-01-09 15:56:00+00:00,1904.9312744140625,1904.9312744140625,1904.9312744140625,1904.9312744140625,0,000001.SS
2026-01-09 15:57:00+00:00,1904.9312744140625,1904.9312744140625,1904.9312744140625,1904.9312744140625,0,000001.SS
2026-01-09 15:58:00+00:00,1904.9312744140625,1904.9312744140625,1904.9312744140625,1904.9312744140625,0,000001.SS
2026-01-09 15:59:00+00:00,1904.9312744140625,1905.7763671875,1904.39990234375,1905.6998291015625,0,000001.SS
2026-01-09 16:00:00+00:00,1905.9443359375,1905.9443359375,1905.93994140625,1905.9443359375,0,000001.SS
2026-01-09 16:01:00+00:00,1905.9443359375,1905.9443359375,1905.9443359375,1905.9443359375,0,000001.SS
2026-01-09 16:02:00+00:00,1905.9443359375,1905.9443359375,1905.9443359375,1905.9443359375,0,000001.SS
2026-01-09 16:03:00+00:00,1905.9443359375,1905.9443359375,1905.9443359375,1905.9443359375,0,000001.SS
2026-01-09 16:04:00+00:00,1905.9443359375,1905.9443359375,1905.9443359375,1905.9443359375,0,000001.SS
2026-01-09 16:05:00+00:00,1905.9443359375,1905.9443359375,1905.9443359375,1905.9443359375,0,000001.SS
2026-01-09 16:30:00+00:00,1905.93994140625,1905.93994140625,1905.93994140625,1905.93994140625,0,000001.SS
2026-01-12 14:30:00+00:00,1906.002685546875,1906.1427001953125,1905.31884765625,1905.420654296875,0,000001.SS
2026-01-12 14:31:00+00:00,1904.7359619140625,1905.2242431640625,1904.579833984375,1905.1802978515625,0,000001.SS
2026-01-12 14:32:00+00:00,1904.8985595703125,1905.279541015625,1903.2861328125,1903.3939208984375,0,000001.SS
2026-01-12 14:33:00+00:00,1903.4259033203125,1903.4710693359375,1899.7972412109375,1899.9005126953125,0,000001.SS
2026-01-12 14:34:00+00:00,1898.81591796875,1899.6226806640625,1898.7998046875,1899.2889404296875,0,000001.SS
2026-01-12 14:35:00+00:00,1899.4210205078125,1900.699462890625,1898.6832275390625,1900.5416259765625,0,000001.SS
2026-01-12 14:36:00+00:00,1900.673583984375,1901.0126953125,1899.886474609375,1900.6644287109375,0,000001.SS
2026-01-12 14:37:00+00:00,1900.552490234375,1900.9859619140625,1900.000244140625,1900.9681396484375,0,000001.SS
2026-01-12 14:38:00+00:00,1901.0753173828125,1901.9990234375,1901.033447265625,1901.9990234375,0,000001.SS
2026-01-12 14:39:00+00:00,1902.06591796875,1904.0484619140625,1902.06591796875,1903.8575439453125,0,000001.SS
2026-01-12 14:40:00+00:00,1903.74462890625,1904.4471435546875,1903.74462890625,1904.255126953125,0,000001.SS
2026-01-12 14:41:00+00:00,1904.41845703125,1905.2322998046875,1904.19189453125,1904.806640625,0,000001.SS
2026-01-12 14:42:00+00:00,1904.8946533203125,1904.9129638671875,1903.6942138671875,1903.7822265625,0,000001.SS
2026-01-12 14:43:00+00:00,1903.7381591796875,1903.9847412109375,1902.87890625,1903.07568359375,0,000001.SS
2026-01-12 14:44:00+00:00,1903.457275390625,1903.821533203125,1902.433349609375,1902.6973876953125,0,000001.SS
2026-01-12 14:45:00+00:00,1902.609375,1903.085205078125,1902.3427734375,1902.3427734375,0,000001.SS
2026-01-12 14:46:00+00:00,1902.6309814453125,1902.7952880859375,1902.1580810546875,1902.7952880859375,0,000001.SS
2026-01-12 14:47:00+00:00,1902.853515625,1902.9912109375,1902.0828857421875,1902.919189453125,0,000001.SS
2026-01-12 14:48:00+00:00,1902.987548828125,1903.26171875,1901.6160888671875,1901.9327392578125,0,000001.SS
2026-01-12 14:49:00+00:00,1901.9644775390625,1904.119873046875,1901.9644775390625,1904.119873046875,0,000001.SS
2026-01-12 14:50:00+00:00,1904.1844482421875,1904.77978515625,1903.9361572265625,1904.521240234375,0,000001.SS
2026-01-12 14:51:00+00:00,1904.6617431640625,1905.3837890625,1904.6422119140625,1905.21728515625,0,000001.SS
2026-01-12 14:52:00+00:00,1904.976318359375,1905.2357177734375,1904.78466796875,1905.07958984375,0,000001.SS
2026-01-12 14:53:00+00:00,1905.1676025390625,1906.0521240234375,1905.1346435546875,1905.8232421875,0,000001.SS
2026-01-12 14:54:00+00:00,1905.821044921875,1905.821044921875,1905.0926513671875,1905.1707763671875,0,000001.SS
2026-01-12 14:55:00+00:00,1905.12841796875,1905.198974609375,1904.533447265625,1904.889892578125,0,000001.SS
2026-01-12 14:56:00+00:00,1904.8262939453125,1904.977294921875,1904.3095703125,1904.4697265625,0,000001.SS
2026-01-12 14:57:00+00:00,1904.4788818359375,1904.7259521484375,1904.34765625,1904.4141845703125,0,000001.SS
2026-01-12 14:58:00+00:00,1904.5830078125,1905.356201171875,1904.4715576171875,1905.19873046875,0,000001.SS
2026-01-12 14:59:00+00:00,1905.309326171875,1905.6031494140625,1904.9359130859375,1905.060791015625,0,000001.SS
2026-01-12 15:00:00+00:00,1904.248291015625,1904.7633056640625,1904.078369140625,1904.329833984375,0,000001.SS
2026-01-12 15:01:00+00:00,1904.329833984375,1904.948486328125,1904.11669921875,1904.6588134765625,0,000001.SS
2026-01-12 15:02:00+00:00,1904.77880859375,1904.9781494140625,1903.9415283203125,1904.1014404296875,0,000001.SS
2026-01-12 15:03:00+00:00,1904.1014404296875,1904.392578125,1903.8028564453125,1904.276611328125,0,000001.SS
2026-01-12 15:04:00+00:00,1904.320556640625,1905.3868408203125,1904.320556640625,1905.358642578125,0,000001.SS
2026-01-12 15:05:00+00:00,1905.4228515625,1905.6483154296875,1905.1591796875,1905.189453125,0,000001.SS
2026-01-12 15:06:00+00:00,1905.1453857421875,1905.1453857421875,1904.379150390625,1904.624267578125,0,000001.SS
2026-01-12 15:07:00+00:00,1904.624267578125,1904.7427978515625,1903.731689453125,1903.9437255859375,0,000001.SS
2026-01-12 15:08:00+00:00,1903.937744140625,1904.094482421875,1903.18310546875,1903.220458984375,0,000001.SS
2026-01-12 15:09:00+00:00,1903.0439453125,1903.0439453125,1901.3404541015625,1901.5518798828125,0,000001.SS
2026-01-12 15:10:00+00:00,1901.5518798828125,1901.5518798828125,1900.6268310546875,1900.8643798828125,0,000001.SS
2026-01-12 15:11:00+00:00,1900.9603271484375,1900.98291015625,1900.0855712890625,1900.1280517578125,0,000001.SS
2026-01-12 15:12:00+00:00,1900.1719970703125,1900.727294921875,1899.5789794921875,1900.579345703125,0,000001.SS
2026-01-12 15:13:00+00:00,1900.579345703125,1900.6373291015625,1899.6513671875,1899.7392578125,0,000001.SS
2026-01-12 15:14:00+00:00,1899.6268310546875,1899.9173583984375,1899.543701171875,1899.6607666015625,0,000001.SS
2026-01-12 15:15:00+00:00,1899.5201416015625,1900.2257080078125,1899.5201416015625,1900.14990234375,0,000001.SS
2026-01-12 15:16:00+00:00,1900.197509765625,1900.5384521484375,1900.074951171875,1900.5384521484375,0,000001.SS
2026-01-12 15:17:00+00:00,1900.5384521484375,1901.2642822265625,1900.5384521484375,1901.0633544921875,0,000001.SS
2026-01-12 15:18:00+00:00,1901.0194091796875,1901.4776611328125,1901.0194091796875,1901.392333984375,0,000001.SS
2026-01-12 15:19:00+00:00,1901.392333984375,1902.48828125,1901.28955078125,1902.3919677734375,0,000001.SS
2026-01-12 15:20:00+00:00,1902.1439208984375,1902.6209716796875,1901.14208984375,1901.47607421875,0,000001.SS
2026-01-12 15:21:00+00:00,1901.5130615234375,1901.8609619140625,1901.3465576171875,1901.4345703125,0,000001.SS
2026-01-12 15:22:00+00:00,1901.4345703125,1901.4345703125,1900.567138671875,1900.79541015625,0,000001.SS
2026-01-12 15:23:00+00:00,1900.7073974609375,1901.0714111328125,1900.578369140625,1900.9969482421875,0,000001.SS
2026-01-12 15:24:00+00:00,1900.9969482421875,1901.7708740234375,1900.9969482421875,1901.7708740234375,0,000001.SS
2026-01-12 15:25:00+00:00,1901.7384033203125,1901.7384033203125,1900.5745849609375,1900.61865234375,0,000001.SS
2026-01-12 15:26:00+00:00,1900.5894775390625,1901.5318603515625,1900.5792236328125,1901.37646484375,0,000001.SS
2026-01-12 15:27:00+00:00,1901.37646484375,1901.505615234375,1900.7078857421875,1900.96826171875,0,000001.SS
2026-01-12 15:28:00+00:00,1900.96826171875,1901.376953125,1900.96826171875,1901.376953125,0,000001.SS
2026-01-12 15:29:00+00:00,1901.3330078125,1901.4649658203125,1900.212890625,1900.431884765625,0,000001.SS
2026-01-12 15:30:00+00:00,1900.5638427734375,1900.781982421875,1899.7371826171875,1899.845947265625,0,000001.SS
2026-01-12 15:31:00+00:00,1899.9339599609375,1901.0743408203125,1899.595947265625,1901.0743408203125,0,000001.SS
2026-01-12 15:32:00+00:00,1901.0601806640625,1901.61181640625,1900.99609375,1901.35302734375,0,000001.SS
2026-01-12 15:33:00+00:00,1901.3909912109375,1901.7052001953125,1901.2838134765625,1901.7052001953125,0,000001.SS
2026-01-12 15:34:00+00:00,1901.6761474609375,1901.7606201171875,1901.1551513671875,1901.421630859375,0,000001.SS
2026-01-12 15:35:00+00:00,1901.2489013671875,1901.56494140625,1900.0994873046875,1900.0994873046875,0,000001.SS
2026-01-12 15:36:00+00:00,1900.1917724609375,1900.3763427734375,1899.590087890625,1899.7825927734375,0,000001.SS
2026-01-12 15:37:00+00:00,1899.789794921875,1899.789794921875,1899.300048828125,1899.51025390625,0,000001.SS
2026-01-12 15:38:00+00:00,1899.4295654296875,1899.649658203125,1898.4967041015625,1898.4967041015625,0,000001.SS
2026-01-12 15:39:00+00:00,1898.6126708984375,1898.86376953125,1897.25537109375,1897.7322998046875,0,000001.SS
2026-01-12 15:40:00+00:00,1897.88818359375,1898.3792724609375,1897.809326171875,1898.272705078125,0,000001.SS
2026-01-12 15:41:00+00:00,1898.2491455078125,1898.4127197265625,1897.799560546875,1898.1070556640625,0,000001.SS
2026-01-12 15:42:00+00:00,1898.1751708984375,1898.8026123046875,1898.0362548828125,1898.141845703125,0,000001.SS
2026-01-12 15:43:00+00:00,1898.0977783203125,1898.4459228515625,1897.9432373046875,1898.2086181640625,0,000001.SS
2026-01-12 15:44:00+00:00,1898.3260498046875,1899.24365234375,1898.2633056640625,1899.0999755859375,0,000001.SS
2026-01-12 15:45:00+00:00,1899.045654296875,1899.879638671875,1899.045654296875,1899.582763671875,0,000001.SS
2026-01-12 15:46:00+00:00,1899.7159423828125,1900.0159912109375,1899.487060546875,1899.8192138671875,0,000001.SS
2026-01-12 15:47:00+00:00,1899.670654296875,1900.2039794921875,1899.623046875,1899.6842041015625,0,000001.SS
2026-01-12 15:48:00+00:00,1899.626220703125,1900.24462890625,1899.626220703125,1899.72119140625,0,000001.SS
2026-01-12 15:49:00+00:00,1899.7496337890625,1899.937744140625,1899.555908203125,1899.904541015625,0,000001.SS
2026-01-12 15:50:00+00:00,1899.816650390625,1900.487548828125,1899.816650390625,1900.3853759765625,0,000001.SS
2026-01-12 15:51:00+00:00,1900.321044921875,1900.6092529296875,1899.4134521484375,1899.465087890625,0,000001.SS
2026-01-12 15:52:00+00:00,1899.5208740234375,1900.07763671875,1899.5208740234375,1899.9681396484375,0,000001.SS
2026-01-12 15:53:00+00:00,1900.01220703125,1900.960693359375,1899.94970703125,1900.908447265625,0,000001.SS
2026-01-12 15:54:00+00:00,1900.811767578125,1901.0198974609375,1900.4718017578125,1900.714111328125,0,000001.SS
2026-01-12 15:55:00+00:00,1900.6260986328125,1900.6260986328125,1900.6260986328125,1900.6260986328125,0,000001.SS
2026-01-12 15:56:00+00:00,1900.6260986328125,1900.6260986328125,1900.6260986328125,1900.6260986328125,0,000001.SS
2026-01-12 15:57:00+00:00,1900.6260986328125,1900.6260986328125,1900.6260986328125,1900.6260986328125,0,000001.SS
2026-01-12 15:58:00+00:00,1900.6260986328125,1900.6260986328125,1900.6260986328125,1900.6260986328125,0,000001.SS
2026-01-12 15:59:00+00:00,1900.6260986328125,1902.08544921875,1900.6260986328125,1902.08544921875,0,000001.SS
2026-01-12 16:00:00+00:00,1902.04296875,1902.04296875,1902.04296875,1902.04296875,0,000001.SS
2026-01-12 16:01:00+00:00,1902.04296875,1902.04296875,1902.04296875,1902.04296875,0,000001.SS
2026-01-12 16:02:00+00:00,1902.04296875,1902.04296875,1902.04296875,1902.04296875,0,000001.SS
2026-01-12 16:03:00+00:00,1902.04296875,1902.04296875,1902.04296875,1902.04296875,0,000001.SS
2026-01-12 16:04:00+00:00,1902.04296875,1902.04296875,1902.04296875,1902.04296875,0,000001.SS
2026-01-12 16:05:00+00:00,1902.04296875,1902.04296875,1902.04296875,1902.04296875,0,000001.SS
2026-01-12 16:30:00+00:00,1902.0400390625,1902.0400390625,1902.0400390625,1902.0400390625,0,000001.SS
2026-01-13 14:30:00+00:00,1922.6810302734375,1922.6810302734375,1921.34716796875,1921.6396484375,0,000001.SS
2026-01-13 14:31:00+00:00,1921.907958984375,1922.44482421875,1921.1578369140625,1921.3759765625,0,000001.SS
2026-01-13 14:32:00+00:00,1921.6485595703125,1921.6485595703125,1920.362548828125,1920.58984375,0,000001.SS
2026-01-13 14:33:00+00:00,1920.7569580078125,1920.84765625,1919.7755126953125,1919.7755126953125,0,000001.SS
2026-01-13 14:34:00+00:00,1919.7613525390625,1920.454345703125,1919.4052734375,1919.4561767578125,0,000001.SS
2026-01-13 14:35:00+00:00,1919.49755859375,1920.0096435546875,1918.4515380859375,1919.04345703125,0,000001.SS
2026-01-13 14:36:00+00:00,1919.1728515625,1919.1728515625,1917.8231201171875,1918.11474609375,0,000001.SS
2026-01-13 14:37:00+00:00,1918.0863037109375,1918.7093505859375,1917.7178955078125,1918.08740234375,0,000001.SS
2026-01-13 14:38:00+00:00,1918.1754150390625,1919.5740966796875,1918.1754150390625,1919.33642578125,0,000001.SS
2026-01-13 14:39:00+00:00,1919.32958984375,1919.988037109375,1919.1568603515625,1919.9410400390625,0,000001.SS
2026-01-13 14:40:00+00:00,1919.9627685546875,1920.9228515625,1919.9222412109375,1920.9228515625,0,000001.SS
2026-01-13 14:41:00+00:00,1920.7215576171875,1920.9139404296875,1919.4344482421875,1919.78955078125,0,000001.SS
2026-01-13 14:42:00+00:00,1919.6806640625,1921.33154296875,1919.60546875,1921.241455078125,0,000001.SS
2026-01-13 14:43:00+00:00,1921.20947265625,1921.4781494140625,1919.9163818359375,1920.316162109375,0,000001.SS
2026-01-13 14:44:00+00:00,1920.4041748046875,1922.1953125,1920.2489013671875,1922.1085205078125,0,000001.SS
2026-01-13 14:45:00+00:00,1922.0504150390625,1922.0504150390625,1921.0740966796875,1921.54248046875,0,000001.SS
2026-01-13 14:46:00+00:00,1921.515625,1922.7176513671875,1921.515625,1922.6614990234375,0,000001.SS
2026-01-13 14:47:00+00:00,1922.79345703125,1923.366455078125,1922.4158935546875,1923.2181396484375,0,000001.SS
2026-01-13 14:48:00+00:00,1923.3218994140625,1923.458740234375,1921.8211669921875,1922.4393310546875,0,000001.SS
2026-01-13 14:49:00+00:00,1922.4251708984375,1922.4251708984375,1921.4833984375,1922.35693359375,0,000001.SS
2026-01-13 14:50:00+00:00,1922.35693359375,1923.2967529296875,1922.35693359375,1923.081787109375,0,000001.SS
2026-01-13 14:51:00+00:00,1922.9288330078125,1923.5224609375,1922.622314453125,1922.622314453125,0,000001.SS
2026-01-13 14:52:00+00:00,1922.5203857421875,1922.5203857421875,1921.82080078125,1922.1075439453125,0,000001.SS
2026-01-13 14:53:00+00:00,1922.09130859375,1922.09130859375,1921.73486328125,1921.8651123046875,0,000001.SS
2026-01-13 14:54:00+00:00,1921.8114013671875,1921.8114013671875,1921.215576171875,1921.7447509765625,0,000001.SS
2026-01-13 14:55:00+00:00,1921.93505859375,1921.9896240234375,1921.113525390625,1921.113525390625,0,000001.SS
2026-01-13 14:56:00+00:00,1921.018310546875,1921.4681396484375,1920.9610595703125,1921.0045166015625,0,000001.SS
2026-01-13 14:57:00+00:00,1920.9986572265625,1920.9986572265625,1920.15576171875,1920.2474365234375,0,000001.SS
2026-01-13 14:58:00+00:00,1920.2913818359375,1920.32470703125,1919.358154296875,1919.358154296875,0,000001.SS
2026-01-13 14:59:00+00:00,1919.43212890625,1919.43212890625,1918.7445068359375,1919.2220458984375,0,000001.SS
2026-01-13 15:00:00+00:00,1919.8048095703125,1920.02685546875,1919.47802734375,1919.5438232421875,0,000001.SS
2026-01-13 15:01:00+00:00,1919.5220947265625,1920.2193603515625,1919.27685546875,1919.416748046875,0,000001.SS
2026-01-13 15:02:00+00:00,1919.3995361328125,1919.7138671875,1918.6805419921875,1918.6805419921875,0,000001.SS
2026-01-13 15:03:00+00:00,1918.592529296875,1918.592529296875,1917.6405029296875,1917.8603515625,0,000001.SS
2026-01-13 15:04:00+00:00,1917.8515625,1917.8515625,1917.0438232421875,1917.419677734375,0,000001.SS
2026-01-13 15:05:00+00:00,1917.419677734375,1917.51025390625,1917.0963134765625,1917.1221923828125,0,000001.SS
2026-01-13 15:06:00+00:00,1917.0341796875,1917.129150390625,1916.61376953125,1916.91796875,0,000001.SS
2026-01-13 15:07:00+00:00,1916.8653564453125,1918.0528564453125,1916.8212890625,1917.8338623046875,0,000001.SS
2026-01-13 15:08:00+00:00,1917.8779296875,1918.106201171875,1917.6485595703125,1917.6485595703125,0,000001.SS
2026-01-13 15:09:00+00:00,1917.6195068359375,1918.27685546875,1917.5108642578125,1918.22998046875,0,000001.SS
2026-01-13 15:10:00+00:00,1918.1964111328125,1918.1964111328125,1917.6904296875,1917.7587890625,0,000001.SS
2026-01-13 15:11:00+00:00,1917.6727294921875,1917.9244384765625,1917.4591064453125,1917.55517578125,0,000001.SS
2026-01-13 15:12:00+00:00,1917.725341796875,1918.333984375,1917.67333984375,1918.2374267578125,0,000001.SS
2026-01-13 15:13:00+00:00,1918.0189208984375,1918.9676513671875,1918.0189208984375,1918.2620849609375,0,000001.SS
2026-01-13 15:14:00+00:00,1918.2491455078125,1918.333251953125,1917.3526611328125,1917.453857421875,0,000001.SS
2026-01-13 15:15:00+00:00,1917.4051513671875,1917.5306396484375,1917.0751953125,1917.0751953125,0,000001.SS
2026-01-13 15:16:00+00:00,1917.0555419921875,1917.40185546875,1916.6922607421875,1916.9534912109375,0,000001.SS
2026-01-13 15:17:00+00:00,1916.8599853515625,1917.004150390625,1916.0101318359375,1916.19384765625,0,000001.SS
2026-01-13 15:18:00+00:00,1916.080810546875,1916.2667236328125,1915.8944091796875,1915.89990234375,0,000001.SS
2026-01-13 15:19:00+00:00,1915.89990234375,1916.3145751953125,1915.7926025390625,1916.3145751953125,0,000001.SS
2026-01-13 15:20:00+00:00,1916.358642578125,1916.358642578125,1915.6544189453125,1915.6544189453125,0,000001.SS
2026-01-13 15:21:00+00:00,1915.860595703125,1916.5067138671875,1915.5260009765625,1915.7750244140625,0,000001.SS
2026-01-13 15:22:00+00:00,1915.7750244140625,1916.162841796875,1915.68701171875,1916.1009521484375,0,000001.SS
2026-01-13 15:23:00+00:00,1916.144775390625,1916.144775390625,1915.3984375,1915.3984375,0,000001.SS
2026-01-13 15:24:00+00:00,1915.50048828125,1915.5343017578125,1914.3642578125,1914.4246826171875,0,000001.SS
2026-01-13 15:25:00+00:00,1914.4150390625,1914.750244140625,1914.2216796875,1914.6351318359375,0,000001.SS
2026-01-13 15:26:00+00:00,1914.6171875,1914.7491455078125,1914.1920166015625,1914.3349609375,0,000001.SS
2026-01-13 15:27:00+00:00,1914.287353515625,1914.474853515625,1913.97265625,1914.444580078125,0,000001.SS
2026-01-13 15:28:00+00:00,1914.5186767578125,1914.68310546875,1914.3731689453125,1914.4847412109375,0,000001.SS
2026-01-13 15:29:00+00:00,1914.52880859375,1915.08984375,1914.40625,1915.0792236328125,0,000001.SS
2026-01-13 15:30:00+00:00,1915.048828125,1916.7120361328125,1915.048828125,1916.0433349609375,0,000001.SS
2026-01-13 15:31:00+00:00,1916.062255859375,1916.24365234375,1914.9251708984375,1914.9251708984375,0,000001.SS
2026-01-13 15:32:00+00:00,1914.88916015625,1915.9434814453125,1914.872314453125,1915.7169189453125,0,000001.SS
2026-01-13 15:33:00+00:00,1915.8189697265625,1916.9156494140625,1915.8126220703125,1916.6229248046875,0,000001.SS
2026-01-13 15:34:00+00:00,1916.61181640625,1917.1629638671875,1916.445556640625,1917.1629638671875,0,000001.SS
2026-01-13 15:35:00+00:00,1917.1912841796875,1917.802978515625,1917.0308837890625,1917.3602294921875,0,000001.SS
2026-01-13 15:36:00+00:00,1917.3602294921875,1918.308349609375,1917.3602294921875,1918.24609375,0,000001.SS
2026-01-13 15:37:00+00:00,1918.2779541015625,1918.2779541015625,1917.53466796875,1918.1234130859375,0,000001.SS
2026-01-13 15:38:00+00:00,1918.0914306640625,1918.1234130859375,1917.7469482421875,1917.86767578125,0,000001.SS
2026-01-13 15:39:00+00:00,1917.8450927734375,1917.8450927734375,1917.2379150390625,1917.2818603515625,0,000001.SS
2026-01-13 15:40:00+00:00,1917.2733154296875,1917.6793212890625,1917.128173828125,1917.6793212890625,0,000001.SS
2026-01-13 15:41:00+00:00,1917.634033203125,1917.6578369140625,1917.144775390625,1917.3760986328125,0,000001.SS
2026-01-13 15:42:00+00:00,1917.3067626953125,1917.3709716796875,1916.8607177734375,1916.8607177734375,0,000001.SS
2026-01-13 15:43:00+00:00,1916.8243408203125,1916.8243408203125,1916.4715576171875,1916.595703125,0,000001.SS
2026-01-13 15:44:00+00:00,1916.6693115234375,1916.71630859375,1916.3388671875,1916.4825439453125,0,000001.SS
2026-01-13 15:45:00+00:00,1916.3104248046875,1916.3104248046875,1915.8992919921875,1916.01416015625,0,000001.SS
2026-01-13 15:46:00+00:00,1916.00537109375,1916.2830810546875,1915.86181640625,1915.955078125,0,000001.SS
2026-01-13 15:47:00+00:00,1915.97412109375,1916.007080078125,1915.513916015625,1915.883056640625,0,000001.SS
2026-01-13 15:48:00+00:00,1915.9510498046875,1916.6676025390625,1915.9510498046875,1916.490966796875,0,000001.SS
2026-01-13 15:49:00+00:00,1916.490966796875,1916.6729736328125,1916.353515625,1916.5185546875,0,000001.SS
2026-01-13 15:50:00+00:00,1916.5045166015625,1917.112060546875,1916.3675537109375,1916.96484375,0,000001.SS
2026-01-13 15:51:00+00:00,1916.9720458984375,1917.0225830078125,1916.6728515625,1917.0225830078125,0,000001.SS
2026-01-13 15:52:00+00:00,1917.0225830078125,1917.8450927734375,1916.9732666015625,1917.810546875,0,000001.SS
2026-01-13 15:53:00+00:00,1917.9293212890625,1918.1258544921875,1917.5743408203125,1918.1258544921875,0,000001.SS
2026-01-13 15:54:00+00:00,1918.3419189453125,1918.976806640625,1918.294921875,1918.7900390625,0,000001.SS
2026-01-13 15:55:00+00:00,1918.7900390625,1918.7900390625,1918.7900390625,1918.7900390625,0,000001.SS
2026-01-13 15:56:00+00:00,1918.7900390625,1918.7900390625,1918.7900390625,1918.7900390625,0,000001.SS
2026-01-13 15:57:00+00:00,1918.7900390625,1918.7900390625,1918.7900390625,1918.7900390625,0,000001.SS
2026-01-13 15:58:00+00:00,1918.7900390625,1918.7900390625,1918.7900390625,1918.7900390625,0,000001.SS
2026-01-13 15:59:00+00:00,1918.7900390625,1920.687744140625,1918.7900390625,1920.687744140625,0,000001.SS
2026-01-13 16:00:00+00:00,1920.687744140625,1920.687744140625,1920.687744140625,1920.687744140625,0,000001.SS
2026-01-13 16:01:00+00:00,1920.687744140625,1920.687744140625,1920.687744140625,1920.687744140625,0,000001.SS
2026-01-13 16:02:00+00:00,1920.687744140625,1920.687744140625,1920.687744140625,1920.687744140625,0,000001.SS
2026-01-13 16:03:00+00:00,1920.687744140625,1920.687744140625,1920.687744140625,1920.687744140625,0,000001.SS
2026-01-13 16:04:00+00:00,1920.687744140625,1920.687744140625,1920.687744140625,1920.687744140625,0,000001.SS
2026-01-13 16:05:00+00:00,1920.687744140625,1920.687744140625,1920.687744140625,1920.687744140625,0,000001.SS
2026-01-13 16:30:00+00:00,1920.68994140625,1920.68994140625,1920.68994140625,1920.68994140625,0,000001.SS
2026-01-14 14:30:00+00:00,1931.694580078125,1933.065673828125,1931.670654296875,1932.5006103515625,0,000001.SS
2026-01-14 14:31:00+00:00,1932.5445556640625,1933.1124267578125,1931.89794921875,1932.604248046875,0,000001.SS
2026-01-14 14:32:00+00:00,1932.6435546875,1934.0037841796875,1932.1904296875,1934.0037841796875,0,000001.SS
2026-01-14 14:33:00+00:00,1934.076171875,1934.6556396484375,1933.7392578125,1934.479736328125,0,000001.SS
2026-01-14 14:34:00+00:00,1934.523681640625,1934.793701171875,1933.5452880859375,1933.703125,0,000001.SS
2026-01-14 14:35:00+00:00,1933.571044921875,1934.0416259765625,1933.1400146484375,1933.1900634765625,0,000001.SS
2026-01-14 14:36:00+00:00,1933.2181396484375,1933.450439453125,1931.922607421875,1931.966552734375,0,000001.SS
2026-01-14 14:37:00+00:00,1932.0106201171875,1934.3216552734375,1931.8858642578125,1934.233642578125,0,000001.SS
2026-01-14 14:38:00+00:00,1934.2620849609375,1935.4117431640625,1934.2489013671875,1935.4117431640625,0,000001.SS
2026-01-14 14:39:00+00:00,1935.440185546875,1935.931884765625,1935.2757568359375,1935.8470458984375,0,000001.SS
2026-01-14 14:40:00+00:00,1935.8629150390625,1936.1422119140625,1935.4454345703125,1935.992431640625,0,000001.SS
2026-01-14 14:41:00+00:00,1935.8763427734375,1936.5052490234375,1935.6885986328125,1935.6885986328125,0,000001.SS
2026-01-14 14:42:00+00:00,1935.8646240234375,1935.8646240234375,1934.626953125,1934.626953125,0,000001.SS
2026-01-14 14:43:00+00:00,1934.5828857421875,1935.04248046875,1934.1951904296875,1934.986572265625,0,000001.SS
2026-01-14 14:44:00+00:00,1934.986572265625,1935.1029052734375,1934.0218505859375,1934.2174072265625,0,000001.SS
2026-01-14 14:45:00+00:00,1934.305419921875,1934.8504638671875,1934.12939453125,1934.12939453125,0,000001.SS
2026-01-14 14:46:00+00:00,1934.146240234375,1935.2037353515625,1933.9542236328125,1935.0206298828125,0,000001.SS
2026-01-14 14:47:00+00:00,1934.9923095703125,1935.1070556640625,1934.2271728515625,1934.66552734375,0,000001.SS
2026-01-14 14:48:00+00:00,1934.6611328125,1936.341064453125,1934.6085205078125,1936.341064453125,0,000001.SS
2026-01-14 14:49:00+00:00,1936.284912109375,1936.85595703125,1936.2371826171875,1936.3001708984375,0,000001.SS
2026-01-14 14:50:00+00:00,1936.4461669921875,1936.787841796875,1936.2349853515625,1936.4560546875,0,000001.SS
2026-01-14 14:51:00+00:00,1936.4560546875,1937.3160400390625,1936.4560546875,1937.126953125,0,000001.SS
2026-01-14 14:52:00+00:00,1937.0830078125,1937.630859375,1936.8028564453125,1937.3980712890625,0,000001.SS
2026-01-14 14:53:00+00:00,1937.291748046875,1937.5926513671875,1937.0938720703125,1937.1497802734375,0,000001.SS
2026-01-14 14:54:00+00:00,1937.265869140625,1938.555419921875,1937.265869140625,1938.5328369140625,0,000001.SS
2026-01-14 14:55:00+00:00,1938.5328369140625,1938.6824951171875,1938.2071533203125,1938.2071533203125,0,000001.SS
2026-01-14 14:56:00+00:00,1938.2510986328125,1938.7530517578125,1938.1865234375,1938.667724609375,0,000001.SS
2026-01-14 14:57:00+00:00,1938.6834716796875,1938.6834716796875,1937.92431640625,1937.92431640625,0,000001.SS
2026-01-14 14:58:00+00:00,1937.9056396484375,1938.2054443359375,1937.337646484375,1938.2054443359375,0,000001.SS
2026-01-14 14:59:00+00:00,1938.2054443359375,1938.3521728515625,1936.980712890625,1937.3687744140625,0,000001.SS
2026-01-14 15:00:00+00:00,1937.5135498046875,1938.401611328125,1937.190185546875,1937.9366455078125,0,000001.SS
2026-01-14 15:01:00+00:00,1937.96484375,1938.28857421875,1936.9012451171875,1938.28857421875,0,000001.SS
2026-01-14 15:02:00+00:00,1938.420654296875,1938.849365234375,1937.8746337890625,1937.8746337890625,0,000001.SS
2026-01-14 15:03:00+00:00,1937.705810546875,1937.7469482421875,1937.23046875,1937.4832763671875,0,000001.SS
2026-01-14 15:04:00+00:00,1937.4739990234375,1937.4739990234375,1936.0928955078125,1936.0928955078125,0,000001.SS
2026-01-14 15:05:00+00:00,1936.1368408203125,1936.15478515625,1935.387939453125,1935.387939453125,0,000001.SS
2026-01-14 15:06:00+00:00,1935.35595703125,1935.35595703125,1934.572265625,1935.3345947265625,0,000001.SS
2026-01-14 15:07:00+00:00,1935.3785400390625,1935.788330078125,1934.318115234375,1934.33837890625,0,000001.SS
2026-01-14 15:08:00+00:00,1934.33837890625,1934.4263916015625,1933.3543701171875,1933.906005859375,0,000001.SS
2026-01-14 15:09:00+00:00,1933.7740478515625,1933.7740478515625,1933.0546875,1933.2379150390625,0,000001.SS
2026-01-14 15:10:00+00:00,1933.19384765625,1933.19384765625,1932.23291015625,1932.23291015625,0,000001.SS
2026-01-14 15:11:00+00:00,1932.1551513671875,1933.9898681640625,1930.99365234375,1931.157958984375,0,000001.SS
2026-01-14 15:12:00+00:00,1931.2623291015625,1931.6297607421875,1931.0439453125,1931.62255859375,0,000001.SS
2026-01-14 15:13:00+00:00,1931.62255859375,1931.70703125,1930.8482666015625,1930.8482666015625,0,000001.SS
2026-01-14 15:14:00+00:00,1930.9222412109375,1930.9783935546875,1929.97314453125,1930.85595703125,0,000001.SS
2026-01-14 15:15:00+00:00,1930.8277587890625,1930.8277587890625,1929.8785400390625,1930.054443359375,0,000001.SS
2026-01-14 15:16:00+00:00,1930.0457763671875,1931.13427734375,1930.0289306640625,1930.6612548828125,0,000001.SS
2026-01-14 15:17:00+00:00,1930.6612548828125,1931.4100341796875,1930.6612548828125,1931.4100341796875,0,000001.SS
2026-01-14 15:18:00+00:00,1931.3138427734375,1931.3553466796875,1930.2708740234375,1930.3653564453125,0,000001.SS
2026-01-14 15:19:00+00:00,1930.28515625,1930.375732421875,1929.72314453125,1930.2652587890625,0,000001.SS
2026-01-14 15:20:00+00:00,1930.3447265625,1930.8465576171875,1930.242919921875,1930.8380126953125,0,000001.SS
2026-01-14 15:21:00+00:00,1930.89599609375,1930.9735107421875,1930.4591064453125,1930.595947265625,0,000001.SS
2026-01-14 15:22:00+00:00,1930.4156494140625,1930.9239501953125,1929.9532470703125,1930.836181640625,0,000001.SS
2026-01-14 15:23:00+00:00,1930.836181640625,1931.3966064453125,1930.704833984375,1931.2398681640625,0,000001.SS
2026-01-14 15:24:00+00:00,1931.1922607421875,1931.6973876953125,1931.1627197265625,1931.4395751953125,0,000001.SS
2026-01-14 15:25:00+00:00,1931.4395751953125,1932.1611328125,1931.4310302734375,1932.0291748046875,0,000001.SS
2026-01-14 15:26:00+00:00,1932.0450439453125,1933.431640625,1931.98291015625,1933.399658203125,0,000001.SS
2026-01-14 15:27:00+00:00,1933.4246826171875,1934.064208984375,1933.4246826171875,1933.7596435546875,0,000001.SS
2026-01-14 15:28:00+00:00,1933.671630859375,1933.7113037109375,1933.0159912109375,1933.0159912109375,0,000001.SS
2026-01-14 15:29:00+00:00,1933.04443359375,1933.324462890625,1932.679443359375,1932.9010009765625,0,000001.SS
2026-01-14 15:30:00+00:00,1932.8861083984375,1933.57470703125,1932.737060546875,1933.4921875,0,000001.SS
2026-01-14 15:31:00+00:00,1933.4622802734375,1934.390869140625,1933.4622802734375,1934.1331787109375,0,000001.SS
2026-01-14 15:32:00+00:00,1934.161376953125,1934.8800048828125,1934.1033935546875,1934.4315185546875,0,000001.SS
2026-01-14 15:33:00+00:00,1934.4129638671875,1934.819091796875,1934.3428955078125,1934.453369140625,0,000001.SS
2026-01-14 15:34:00+00:00,1934.460693359375,1934.880126953125,1934.183837890625,1934.880126953125,0,000001.SS
2026-01-14 15:35:00+00:00,1934.9449462890625,1935.450439453125,1934.858642578125,1934.858642578125,0,000001.SS
2026-01-14 15:36:00+00:00,1934.9466552734375,1935.2945556640625,1934.190673828125,1934.1949462890625,0,000001.SS
2026-01-14 15:37:00+00:00,1934.1949462890625,1934.285888671875,1933.34619140625,1933.6192626953125,0,000001.SS
2026-01-14 15:38:00+00:00,1933.53125,1934.200439453125,1933.4136962890625,1933.987548828125,0,000001.SS
2026-01-14 15:39:00+00:00,1933.927734375,1935.0509033203125,1933.927734375,1935.0509033203125,0,000001.SS
2026-01-14 15:40:00+00:00,1935.1546630859375,1935.6341552734375,1934.642578125,1935.6097412109375,0,000001.SS
2026-01-14 15:41:00+00:00,1935.5501708984375,1936.1357421875,1935.5501708984375,1936.1357421875,0,000001.SS
2026-01-14 15:42:00+00:00,1936.2008056640625,1936.32421875,1935.803955078125,1935.900634765625,0,000001.SS
2026-01-14 15:43:00+00:00,1936.0706787109375,1936.72412109375,1936.0706787109375,1936.1400146484375,0,000001.SS
2026-01-14 15:44:00+00:00,1936.0810546875,1936.1007080078125,1935.060546875,1935.078369140625,0,000001.SS
2026-01-14 15:45:00+00:00,1935.0458984375,1935.373046875,1934.3555908203125,1934.399658203125,0,000001.SS
2026-01-14 15:46:00+00:00,1934.399658203125,1934.812744140625,1934.26708984375,1934.729248046875,0,000001.SS
2026-01-14 15:47:00+00:00,1934.8143310546875,1935.638916015625,1934.7762451171875,1935.3358154296875,0,000001.SS
2026-01-14 15:48:00+00:00,1935.3358154296875,1935.455078125,1935.1370849609375,1935.193115234375,0,000001.SS
2026-01-14 15:49:00+00:00,1935.2510986328125,1935.2821044921875,1934.182373046875,1934.6368408203125,0,000001.SS
2026-01-14 15:50:00+00:00,1934.6295166015625,1934.6295166015625,1934.019287109375,1934.5059814453125,0,000001.SS
2026-01-14 15:51:00+00:00,1934.6318359375,1935.617919921875,1934.6318359375,1935.6009521484375,0,000001.SS
2026-01-14 15:52:00+00:00,1935.68603515625,1936.1639404296875,1935.3033447265625,1935.657470703125,0,000001.SS
2026-01-14 15:53:00+00:00,1935.6202392578125,1936.042236328125,1935.604248046875,1935.7791748046875,0,000001.SS
2026-01-14 15:54:00+00:00,1936.1453857421875,1936.61328125,1936.1453857421875,1936.4683837890625,0,000001.SS
2026-01-14 15:55:00+00:00,1936.4560546875,1936.4560546875,1936.4560546875,1936.4560546875,0,000001.SS
2026-01-14 15:56:00+00:00,1936.4560546875,1936.4560546875,1936.4560546875,1936.4560546875,0,000001.SS
2026-01-14 15:57:00+00:00,1936.4560546875,1936.4560546875,1936.4560546875,1936.4560546875,0,000001.SS
2026-01-14 15:58:00+00:00,1936.4560546875,1936.4560546875,1936.4560546875,1936.4560546875,0,000001.SS
2026-01-14 15:59:00+00:00,1936.4560546875,1942.53125,1936.420166015625,1942.53125,0,000001.SS
2026-01-14 16:00:00+00:00,1941.7833251953125,1941.7833251953125,1941.7833251953125,1941.7833251953125,0,000001.SS
2026-01-14 16:01:00+00:00,1941.7833251953125,1941.7833251953125,1941.7833251953125,1941.7833251953125,0,000001.SS
2026-01-14 16:02:00+00:00,1941.7833251953125,1941.7833251953125,1941.7833251953125,1941.7833251953125,0,000001.SS
2026-01-14 16:03:00+00:00,1941.7833251953125,1941.7833251953125,1941.7833251953125,1941.7833251953125,0,000001.SS
2026-01-14 16:04:00+00:00,1941.7833251953125,1941.7833251953125,1941.7833251953125,1941.7833251953125,0,000001.SS
2026-01-14 16:05:00+00:00,1941.7833251953125,1941.7833251953125,1941.7833251953125,1941.7833251953125,0,000001.SS
2026-01-14 16:30:00+00:00,1941.780029296875,1941.780029296875,1941.780029296875,1941.780029296875,0,000001.SS
2026-01-15 14:30:00+00:00,1924.8780517578125,1925.602783203125,1924.414306640625,1924.927001953125,0,000001.SS
2026-01-15 14:31:00+00:00,1924.927001953125,1925.09912109375,1923.7366943359375,1924.072021484375,0,000001.SS
2026-01-15 14:32:00+00:00,1923.9552001953125,1923.9552001953125,1922.4202880859375,1923.2908935546875,0,000001.SS
2026-01-15 14:33:00+00:00,1923.554931640625,1924.0235595703125,1922.71484375,1923.3304443359375,0,000001.SS
2026-01-15 14:34:00+00:00,1923.6015625,1924.5147705078125,1923.0970458984375,1924.0748291015625,0,000001.SS
2026-01-15 14:35:00+00:00,1924.147216796875,1924.191162109375,1922.94775390625,1923.0736083984375,0,000001.SS
2026-01-15 14:36:00+00:00,1922.7701416015625,1923.3155517578125,1922.0950927734375,1922.0987548828125,0,000001.SS
2026-01-15 14:37:00+00:00,1922.044189453125,1922.2132568359375,1921.0465087890625,1921.5140380859375,0,000001.SS
2026-01-15 14:38:00+00:00,1921.5140380859375,1922.7200927734375,1921.42236328125,1921.80224609375,0,000001.SS
2026-01-15 14:39:00+00:00,1921.9146728515625,1922.03173828125,1920.881103515625,1921.217041015625,0,000001.SS
2026-01-15 14:40:00+00:00,1921.2412109375,1922.4471435546875,1921.05224609375,1921.662353515625,0,000001.SS
2026-01-15 14:41:00+00:00,1921.9703369140625,1921.9703369140625,1919.9820556640625,1920.256103515625,0,000001.SS
2026-01-15 14:42:00+00:00,1920.1680908203125,1920.298095703125,1918.71044921875,1919.129150390625,0,000001.SS
2026-01-15 14:43:00+00:00,1919.301513671875,1919.5213623046875,1918.5732421875,1918.5732421875,0,000001.SS
2026-01-15 14:44:00+00:00,1918.4853515625,1918.5234375,1917.49853515625,1917.579833984375,0,000001.SS
2026-01-15 14:45:00+00:00,1917.4918212890625,1917.7401123046875,1917.1536865234375,1917.2061767578125,0,000001.SS
2026-01-15 14:46:00+00:00,1917.250244140625,1917.5478515625,1916.5732421875,1917.2821044921875,0,000001.SS
2026-01-15 14:47:00+00:00,1917.3670654296875,1918.4215087890625,1917.3670654296875,1918.31787109375,0,000001.SS
2026-01-15 14:48:00+00:00,1918.325439453125,1919.342041015625,1918.283203125,1919.321044921875,0,000001.SS
2026-01-15 14:49:00+00:00,1919.364990234375,1919.364990234375,1918.4884033203125,1918.7545166015625,0,000001.SS
2026-01-15 14:50:00+00:00,1918.68603515625,1918.9822998046875,1918.63427734375,1918.7325439453125,0,000001.SS
2026-01-15 14:51:00+00:00,1918.8646240234375,1919.182373046875,1918.2464599609375,1918.2464599609375,0,000001.SS
2026-01-15 14:52:00+00:00,1918.252685546875,1919.4818115234375,1918.220703125,1919.3779296875,0,000001.SS
2026-01-15 14:53:00+00:00,1919.5098876953125,1920.5029296875,1919.5098876953125,1919.8902587890625,0,000001.SS
2026-01-15 14:54:00+00:00,1919.8463134765625,1920.2862548828125,1919.6278076171875,1920.1943359375,0,000001.SS
2026-01-15 14:55:00+00:00,1920.062255859375,1920.8133544921875,1920.062255859375,1920.24169921875,0,000001.SS
2026-01-15 14:56:00+00:00,1919.633056640625,1919.633056640625,1918.61474609375,1918.746826171875,0,000001.SS
2026-01-15 14:57:00+00:00,1918.5970458984375,1918.711181640625,1917.5919189453125,1917.5919189453125,0,000001.SS
2026-01-15 14:58:00+00:00,1917.620361328125,1917.8365478515625,1916.9708251953125,1917.1505126953125,0,000001.SS
2026-01-15 14:59:00+00:00,1917.0625,1917.0625,1915.8834228515625,1915.9273681640625,0,000001.SS
2026-01-15 15:00:00+00:00,1915.8875732421875,1916.318115234375,1915.6964111328125,1916.0782470703125,0,000001.SS
2026-01-15 15:01:00+00:00,1916.1943359375,1917.0638427734375,1915.939208984375,1917.0638427734375,0,000001.SS
2026-01-15 15:02:00+00:00,1917.232666015625,1917.6053466796875,1916.7132568359375,1917.4324951171875,0,000001.SS
2026-01-15 15:03:00+00:00,1917.24560546875,1917.465576171875,1916.6759033203125,1916.7880859375,0,000001.SS
2026-01-15 15:04:00+00:00,1916.8531494140625,1916.985107421875,1916.1142578125,1916.2730712890625,0,000001.SS
2026-01-15 15:05:00+00:00,1916.3895263671875,1916.875732421875,1916.27685546875,1916.7314453125,0,000001.SS
2026-01-15 15:06:00+00:00,1916.775390625,1916.775390625,1915.6241455078125,1916.1383056640625,0,000001.SS
2026-01-15 15:07:00+00:00,1916.126953125,1916.3714599609375,1915.4600830078125,1915.5555419921875,0,000001.SS
2026-01-15 15:08:00+00:00,1915.5115966796875,1915.89599609375,1915.5111083984375,1915.6181640625,0,000001.SS
2026-01-15 15:09:00+00:00,1915.615234375,1916.8448486328125,1915.1146240234375,1916.6761474609375,0,000001.SS
2026-01-15 15:10:00+00:00,1916.5882568359375,1917.4571533203125,1916.544189453125,1917.404541015625,0,000001.SS
2026-01-15 15:11:00+00:00,1917.4168701171875,1917.9647216796875,1917.3819580078125,1917.9041748046875,0,000001.SS
2026-01-15 15:12:00+00:00,1917.8983154296875,1918.3778076171875,1917.7327880859375,1918.3778076171875,0,000001.SS
2026-01-15 15:13:00+00:00,1918.2579345703125,1918.572021484375,1918.1314697265625,1918.4774169921875,0,000001.SS
2026-01-15 15:14:00+00:00,1918.345458984375,1918.5631103515625,1918.08544921875,1918.4217529296875,0,000001.SS
2026-01-15 15:15:00+00:00,1918.333740234375,1918.333740234375,1917.9144287109375,1917.9144287109375,0,000001.SS
2026-01-15 15:16:00+00:00,1917.9583740234375,1918.09521484375,1917.3968505859375,1917.7635498046875,0,000001.SS
2026-01-15 15:17:00+00:00,1917.7694091796875,1918.285400390625,1917.531494140625,1917.694580078125,0,000001.SS
2026-01-15 15:18:00+00:00,1917.694580078125,1918.9952392578125,1917.694580078125,1918.9676513671875,0,000001.SS
2026-01-15 15:19:00+00:00,1919.0556640625,1919.44384765625,1919.0439453125,1919.105712890625,0,000001.SS
2026-01-15 15:20:00+00:00,1919.149658203125,1919.149658203125,1918.470703125,1919.104736328125,0,000001.SS
2026-01-15 15:21:00+00:00,1919.0535888671875,1919.2401123046875,1918.653076171875,1918.7711181640625,0,000001.SS
2026-01-15 15:22:00+00:00,1918.6807861328125,1919.426025390625,1918.0018310546875,1918.0018310546875,0,000001.SS
2026-01-15 15:23:00+00:00,1918.0018310546875,1918.0487060546875,1917.1075439453125,1917.18896484375,0,000001.SS
2026-01-15 15:24:00+00:00,1917.18896484375,1917.3697509765625,1916.3846435546875,1916.390625,0,000001.SS
2026-01-15 15:25:00+00:00,1916.3128662109375,1916.859375,1916.203125,1916.5919189453125,0,000001.SS
2026-01-15 15:26:00+00:00,1916.59375,1916.681640625,1916.0843505859375,1916.195556640625,0,000001.SS
2026-01-15 15:27:00+00:00,1916.239501953125,1916.5438232421875,1915.5946044921875,1915.7799072265625,0,000001.SS
2026-01-15 15:28:00+00:00,1915.8238525390625,1915.8238525390625,1915.0584716796875,1915.146484375,0,000001.SS
2026-01-15 15:29:00+00:00,1915.0513916015625,1915.113037109375,1914.329345703125,1914.3734130859375,0,000001.SS
2026-01-15 15:30:00+00:00,1914.227294921875,1914.4852294921875,1913.9857177734375,1914.3299560546875,0,000001.SS
2026-01-15 15:31:00+00:00,1914.3299560546875,1914.489990234375,1913.890625,1914.489990234375,0,000001.SS
2026-01-15 15:32:00+00:00,1914.5040283203125,1914.8251953125,1913.9671630859375,1913.9671630859375,0,000001.SS
2026-01-15 15:33:00+00:00,1913.9481201171875,1914.4017333984375,1913.9481201171875,1914.4017333984375,0,000001.SS
2026-01-15 15:34:00+00:00,1914.5294189453125,1915.240234375,1914.289794921875,1915.240234375,0,000001.SS
2026-01-15 15:35:00+00:00,1915.1961669921875,1916.0595703125,1915.071044921875,1916.0595703125,0,000001.SS
2026-01-15 15:36:00+00:00,1916.1446533203125,1916.9537353515625,1915.975341796875,1916.860107421875,0,000001.SS
2026-01-15 15:37:00+00:00,1916.874267578125,1917.506103515625,1916.874267578125,1917.33544921875,0,000001.SS
2026-01-15 15:38:00+00:00,1917.3795166015625,1917.933349609375,1917.357177734375,1917.7574462890625,0,000001.SS
2026-01-15 15:39:00+00:00,1917.71337890625,1917.988037109375,1917.45263671875,1917.9227294921875,0,000001.SS
2026-01-15 15:40:00+00:00,1917.967041015625,1918.4508056640625,1917.9627685546875,1918.4508056640625,0,000001.SS
2026-01-15 15:41:00+00:00,1918.4508056640625,1918.4508056640625,1917.906005859375,1918.431640625,0,000001.SS
2026-01-15 15:42:00+00:00,1918.3736572265625,1918.3935546875,1917.6844482421875,1917.6844482421875,0,000001.SS
2026-01-15 15:43:00+00:00,1917.737060546875,1918.5570068359375,1917.7269287109375,1918.5321044921875,0,000001.SS
2026-01-15 15:44:00+00:00,1918.51904296875,1918.557861328125,1917.8172607421875,1917.8172607421875,0,000001.SS
2026-01-15 15:45:00+00:00,1917.7047119140625,1917.82470703125,1917.310302734375,1917.729248046875,0,000001.SS
2026-01-15 15:46:00+00:00,1917.729248046875,1918.0450439453125,1916.9510498046875,1916.9510498046875,0,000001.SS
2026-01-15 15:47:00+00:00,1916.9949951171875,1917.100341796875,1916.4654541015625,1917.100341796875,0,000001.SS
2026-01-15 15:48:00+00:00,1917.1883544921875,1918.0115966796875,1917.1883544921875,1918.008056640625,0,000001.SS
2026-01-15 15:49:00+00:00,1918.052001953125,1918.379150390625,1917.93505859375,1917.9588623046875,0,000001.SS
2026-01-15 15:50:00+00:00,1917.932373046875,1918.187744140625,1917.833740234375,1917.89697265625,0,000001.SS
2026-01-15 15:51:00+00:00,1917.9549560546875,1918.3568115234375,1917.9329833984375,1918.23828125,0,000001.SS
2026-01-15 15:52:00+00:00,1918.214111328125,1918.5146484375,1918.05419921875,1918.4576416015625,0,000001.SS
2026-01-15 15:53:00+00:00,1918.4385986328125,1920.0216064453125,1918.4239501953125,1919.9398193359375,0,000001.SS
2026-01-15 15:54:00+00:00,1919.89697265625,1920.162841796875,1919.792236328125,1919.8316650390625,0,000001.SS
2026-01-15 15:55:00+00:00,1919.812744140625,1919.812744140625,1919.812744140625,1919.812744140625,0,000001.SS
2026-01-15 15:56:00+00:00,1919.812744140625,1919.812744140625,1919.812744140625,1919.812744140625,0,000001.SS
2026-01-15 15:57:00+00:00,1919.812744140625,1919.812744140625,1919.812744140625,1919.812744140625,0,000001.SS
2026-01-15 15:58:00+00:00,1919.812744140625,1919.812744140625,1919.812744140625,1919.812744140625,0,000001.SS
2026-01-15 15:59:00+00:00,1919.812744140625,1921.7452392578125,1919.790771484375,1921.5633544921875,0,000001.SS
2026-01-15 16:00:00+00:00,1921.741943359375,1921.741943359375,1921.741943359375,1921.741943359375,0,000001.SS
2026-01-15 16:01:00+00:00,1921.741943359375,1921.741943359375,1921.741943359375,1921.741943359375,0,000001.SS
2026-01-15 16:02:00+00:00,1921.741943359375,1921.741943359375,1921.741943359375,1921.741943359375,0,000001.SS
2026-01-15 16:03:00+00:00,1921.741943359375,1921.741943359375,1921.741943359375,1921.741943359375,0,000001.SS
2026-01-15 16:04:00+00:00,1921.741943359375,1921.741943359375,1921.741943359375,1921.741943359375,0,000001.SS
2026-01-15 16:05:00+00:00,1921.741943359375,1921.741943359375,1921.741943359375,1921.741943359375,0,000001.SS
2026-01-15 16:30:00+00:00,1921.739990234375,1921.739990234375,1921.739990234375,1921.739990234375,0,000001.SS
2026-01-16 14:30:00+00:00,1936.4249267578125,1936.4688720703125,1935.39208984375,1935.676025390625,0,000001.SS
2026-01-16 14:31:00+00:00,1935.711669921875,1936.1048583984375,1935.51123046875,1935.9288330078125,0,000001.SS
2026-01-16 14:32:00+00:00,1936.0447998046875,1936.0887451171875,1934.6285400390625,1935.0240478515625,0,000001.SS
2026-01-16 14:33:00+00:00,1934.93603515625,1935.2523193359375,1933.273681640625,1933.2935791015625,0,000001.SS
2026-01-16 14:34:00+00:00,1933.07373046875,1934.325439453125,1933.07373046875,1934.2216796875,0,000001.SS
2026-01-16 14:35:00+00:00,1934.25,1934.98583984375,1933.8463134765625,1933.94287109375,0,000001.SS
2026-01-16 14:36:00+00:00,1934.208251953125,1934.576171875,1933.0517578125,1933.6995849609375,0,000001.SS
2026-01-16 14:37:00+00:00,1933.5235595703125,1933.9383544921875,1933.169921875,1933.169921875,0,000001.SS
2026-01-16 14:38:00+00:00,1933.1966552734375,1933.1966552734375,1932.2574462890625,1933.0948486328125,0,000001.SS
2026-01-16 14:39:00+00:00,1933.138916015625,1933.8377685546875,1933.138916015625,1933.2454833984375,0,000001.SS
2026-01-16 14:40:00+00:00,1933.2454833984375,1935.7392578125,1933.2454833984375,1935.3521728515625,0,000001.SS
2026-01-16 14:41:00+00:00,1935.3082275390625,1935.791748046875,1934.544677734375,1934.60888671875,0,000001.SS
2026-01-16 14:42:00+00:00,1934.561279296875,1936.6075439453125,1934.445068359375,1935.9013671875,0,000001.SS
2026-01-16 14:43:00+00:00,1935.95263671875,1936.14453125,1934.3349609375,1934.7044677734375,0,000001.SS
2026-01-16 14:44:00+00:00,1934.8365478515625,1935.59765625,1934.779541015625,1934.9390869140625,0,000001.SS
2026-01-16 14:45:00+00:00,1935.0084228515625,1935.9039306640625,1934.8748779296875,1935.61376953125,0,000001.SS
2026-01-16 14:46:00+00:00,1935.61376953125,1935.808837890625,1934.8570556640625,1935.0335693359375,0,000001.SS
2026-01-16 14:47:00+00:00,1935.0296630859375,1935.4180908203125,1934.9368896484375,1935.31689453125,0,000001.SS
2026-01-16 14:48:00+00:00,1935.27294921875,1935.27294921875,1934.61767578125,1934.940673828125,0,000001.SS
2026-01-16 14:49:00+00:00,1935.028564453125,1935.028564453125,1933.49560546875,1933.49560546875,0,000001.SS
2026-01-16 14:50:00+00:00,1933.518310546875,1934.395751953125,1933.4771728515625,1934.395751953125,0,000001.SS
2026-01-16 14:51:00+00:00,1934.4837646484375,1934.6910400390625,1934.395751953125,1934.5284423828125,0,000001.SS
2026-01-16 14:52:00+00:00,1934.2672119140625,1934.30712890625,1933.0301513671875,1933.7010498046875,0,000001.SS
2026-01-16 14:53:00+00:00,1933.6131591796875,1933.93896484375,1933.3203125,1933.885498046875,0,000001.SS
2026-01-16 14:54:00+00:00,1933.929443359375,1934.1595458984375,1933.5716552734375,1933.82177734375,0,000001.SS
2026-01-16 14:55:00+00:00,1933.9097900390625,1934.253662109375,1933.536376953125,1933.583984375,0,000001.SS
2026-01-16 14:56:00+00:00,1933.5704345703125,1933.5704345703125,1932.4749755859375,1932.59765625,0,000001.SS
2026-01-16 14:57:00+00:00,1932.6146240234375,1933.0052490234375,1932.34375,1932.9173583984375,0,000001.SS
2026-01-16 14:58:00+00:00,1932.9173583984375,1932.9173583984375,1931.59375,1931.59375,0,000001.SS
2026-01-16 14:59:00+00:00,1931.571044921875,1931.648681640625,1931.045654296875,1931.4949951171875,0,000001.SS
2026-01-16 15:00:00+00:00,1931.546875,1932.41845703125,1931.546875,1932.1953125,0,000001.SS
2026-01-16 15:01:00+00:00,1932.2196044921875,1932.6136474609375,1931.9300537109375,1932.3172607421875,0,000001.SS
2026-01-16 15:02:00+00:00,1932.2620849609375,1933.4620361328125,1932.2620849609375,1933.4620361328125,0,000001.SS
2026-01-16 15:03:00+00:00,1933.4320068359375,1934.6519775390625,1933.4320068359375,1934.56689453125,0,000001.SS
2026-01-16 15:04:00+00:00,1934.5015869140625,1934.80419921875,1933.7734375,1933.8173828125,0,000001.SS
2026-01-16 15:05:00+00:00,1933.674560546875,1935.2923583984375,1933.674560546875,1935.1439208984375,0,000001.SS
2026-01-16 15:06:00+00:00,1935.1556396484375,1936.048095703125,1935.1556396484375,1936.004150390625,0,000001.SS
2026-01-16 15:07:00+00:00,1936.0357666015625,1936.0357666015625,1935.2159423828125,1935.466064453125,0,000001.SS
2026-01-16 15:08:00+00:00,1935.5511474609375,1936.6953125,1935.5511474609375,1936.6953125,0,000001.SS
2026-01-16 15:09:00+00:00,1936.7904052734375,1936.7904052734375,1936.0269775390625,1936.5732421875,0,000001.SS
2026-01-16 15:10:00+00:00,1936.685791015625,1936.7298583984375,1936.3580322265625,1936.62744140625,0,000001.SS
2026-01-16 15:11:00+00:00,1936.8033447265625,1937.07080078125,1936.6552734375,1936.88037109375,0,000001.SS
2026-01-16 15:12:00+00:00,1936.770751953125,1937.1356201171875,1936.2457275390625,1937.1356201171875,0,000001.SS
2026-01-16 15:13:00+00:00,1937.05078125,1938.451171875,1937.05078125,1938.4072265625,0,000001.SS
2026-01-16 15:14:00+00:00,1938.5234375,1938.5673828125,1937.8934326171875,1938.061279296875,0,000001.SS
2026-01-16 15:15:00+00:00,1938.1634521484375,1938.1634521484375,1937.259765625,1937.259765625,0,000001.SS
2026-01-16 15:16:00+00:00,1937.3038330078125,1937.71435546875,1937.02783203125,1937.508056640625,0,000001.SS
2026-01-16 15:17:00+00:00,1937.493896484375,1937.6240234375,1937.3619384765625,1937.609130859375,0,000001.SS
2026-01-16 15:18:00+00:00,1937.653076171875,1937.8802490234375,1937.5146484375,1937.608154296875,0,000001.SS
2026-01-16 15:19:00+00:00,1937.5059814453125,1937.84326171875,1936.276123046875,1936.276123046875,0,000001.SS
2026-01-16 15:20:00+00:00,1936.228515625,1936.7861328125,1936.058349609375,1936.5723876953125,0,000001.SS
2026-01-16 15:21:00+00:00,1936.53125,1937.2218017578125,1936.34814453125,1937.0731201171875,0,000001.SS
2026-01-16 15:22:00+00:00,1937.016845703125,1937.9091796875,1937.016845703125,1937.7159423828125,0,000001.SS
2026-01-16 15:23:00+00:00,1937.603515625,1937.730224609375,1937.2318115234375,1937.266357421875,0,000001.SS
2026-01-16 15:24:00+00:00,1937.247314453125,1937.6705322265625,1936.89794921875,1937.58251953125,0,000001.SS
2026-01-16 15:25:00+00:00,1937.6624755859375,1937.8427734375,1937.2216796875,1937.2216796875,0,000001.SS
2026-01-16 15:26:00+00:00,1937.2779541015625,1938.522705078125,1937.2779541015625,1938.522705078125,0,000001.SS
2026-01-16 15:27:00+00:00,1938.53515625,1939.365478515625,1938.53515625,1939.1474609375,0,000001.SS
2026-01-16 15:28:00+00:00,1939.0997314453125,1939.46875,1938.8160400390625,1939.3736572265625,0,000001.SS
2026-01-16 15:29:00+00:00,1939.35791015625,1940.2066650390625,1939.3138427734375,1939.9593505859375,0,000001.SS
2026-01-16 15:30:00+00:00,1939.9593505859375,1940.6787109375,1939.6358642578125,1940.6787109375,0,000001.SS
2026-01-16 15:31:00+00:00,1940.6346435546875,1941.9921875,1940.6346435546875,1941.6463623046875,0,000001.SS
2026-01-16 15:32:00+00:00,1941.6463623046875,1941.9150390625,1941.2864990234375,1941.2864990234375,0,000001.SS
2026-01-16 15:33:00+00:00,1941.331787109375,1942.0419921875,1941.0982666015625,1942.0419921875,0,000001.SS
2026-01-16 15:34:00+00:00,1941.998046875,1941.998046875,1940.4761962890625,1940.4761962890625,0,000001.SS
2026-01-16 15:35:00+00:00,1940.462158203125,1940.6826171875,1940.0987548828125,1940.6558837890625,0,000001.SS
2026-01-16 15:36:00+00:00,1940.68017578125,1941.3316650390625,1940.6558837890625,1941.1734619140625,0,000001.SS
2026-01-16 15:37:00+00:00,1941.2017822265625,1941.2191162109375,1940.8271484375,1941.120849609375,0,000001.SS
2026-01-16 15:38:00+00:00,1941.0732421875,1941.282958984375,1940.77880859375,1940.9259033203125,0,000001.SS
2026-01-16 15:39:00+00:00,1940.705322265625,1940.705322265625,1937.806640625,1937.806640625,0,000001.SS
2026-01-16 15:40:00+00:00,1937.7557373046875,1937.95166015625,1935.4034423828125,1936.826171875,0,000001.SS
2026-01-16 15:41:00+00:00,1936.958251953125,1937.123779296875,1935.7889404296875,1936.0264892578125,0,000001.SS
2026-01-16 15:42:00+00:00,1935.9825439453125,1936.4716796875,1934.53466796875,1936.251708984375,0,000001.SS
2026-01-16 15:43:00+00:00,1936.1636962890625,1936.50390625,1935.4263916015625,1936.1708984375,0,000001.SS
2026-01-16 15:44:00+00:00,1935.950927734375,1936.3597412109375,1935.720703125,1936.2874755859375,0,000001.SS
2026-01-16 15:45:00+00:00,1936.2718505859375,1936.6846923828125,1936.13330078125,1936.5009765625,0,000001.SS
2026-01-16 15:46:00+00:00,1936.54345703125,1937.4791259765625,1936.495849609375,1937.4791259765625,0,000001.SS
2026-01-16 15:47:00+00:00,1937.5230712890625,1937.7369384765625,1936.8712158203125,1937.7369384765625,0,000001.SS
2026-01-16 15:48:00+00:00,1937.822021484375,1938.060791015625,1937.374755859375,1937.77685546875,0,000001.SS
2026-01-16 15:49:00+00:00,1937.5849609375,1938.4654541015625,1937.5479736328125,1938.3409423828125,0,000001.SS
2026-01-16 15:50:00+00:00,1938.35498046875,1938.69091796875,1938.2275390625,1938.530517578125,0,000001.SS
2026-01-16 15:51:00+00:00,1938.4864501953125,1939.06982421875,1938.421142578125,1939.02294921875,0,000001.SS
2026-01-16 15:52:00+00:00,1939.0015869140625,1939.0015869140625,1938.1839599609375,1938.1839599609375,0,000001.SS
2026-01-16 15:53:00+00:00,1938.2384033203125,1938.3028564453125,1938.05908203125,1938.3028564453125,0,000001.SS
2026-01-16 15:54:00+00:00,1938.5400390625,1939.024658203125,1938.1988525390625,1938.6494140625,0,000001.SS
2026-01-16 15:55:00+00:00,1938.6947021484375,1938.6947021484375,1938.6947021484375,1938.6947021484375,0,000001.SS
2026-01-16 15:56:00+00:00,1938.6947021484375,1938.6947021484375,1938.6947021484375,1938.6947021484375,0,000001.SS
2026-01-16 15:57:00+00:00,1938.6947021484375,1938.6947021484375,1938.6947021484375,1938.6947021484375,0,000001.SS
2026-01-16 15:58:00+00:00,1938.6947021484375,1938.6947021484375,1938.6947021484375,1938.6947021484375,0,000001.SS
2026-01-16 15:59:00+00:00,1938.6947021484375,1941.935302734375,1938.64697265625,1941.935302734375,0,000001.SS
2026-01-16 16:00:00+00:00,1941.935302734375,1941.935302734375,1941.935302734375,1941.935302734375,0,000001.SS
2026-01-16 16:01:00+00:00,1941.935302734375,1941.935302734375,1941.935302734375,1941.935302734375,0,000001.SS
2026-01-16 16:02:00+00:00,1941.935302734375,1941.935302734375,1941.935302734375,1941.935302734375,0,000001.SS
2026-01-16 16:03:00+00:00,1941.935302734375,1941.935302734375,1941.935302734375,1941.935302734375,0,000001.SS
2026-01-16 16:04:00+00:00,1941.935302734375,1941.93994140625,1941.935302734375,1941.935302734375,0,000001.SS
2026-01-16 16:05:00+00:00,1941.935302734375,1941.935302734375,1941.935302734375,1941.935302734375,0,000001.SS
2026-01-16 16:30:00+00:00,1941.93994140625,1941.93994140625,1941.93994140625,1941.93994140625,0,000001.SS
