time,open,high,low,close,volume
2024-09-30T00:00:00Z,0,5796.755171374767,5671.914750500233,0.513144850730896,1
2024-10-01T00:00:00Z,-1,5789.252249893791,5649.757515731209,0.4123242497444153,1
2024-10-02T00:00:00Z,0,5743.115664884157,5650.514217928343,0.514701783657074,1
2024-10-03T00:00:00Z,0,5739.246678900032,5656.903223443718,0.4942539930343628,1
2024-10-04T00:00:00Z,1,5783.9627763621975,5672.0772627003025,0.6104185581207275,1
2024-10-07T00:00:00Z,-1,5760.845898907894,5665.344042498356,0.40971916913986206,1
2024-10-08T00:00:00Z,1,5784.181342045427,5687.978814204573,0.6175934076309204,1
2024-10-09T00:00:00Z,1,5827.418494628684,5714.401329590066,0.5913251638412476,1
2024-10-10T00:00:00Z,0,5809.859148701507,5749.930402079743,0.48990267515182495,1
2024-10-11T00:00:00Z,1,5849.417004776187,5747.802721786313,0.580082893371582,1
2024-10-14T00:00:00Z,1,5896.410568740248,5804.569411728502,0.5975194573402405,1
2024-10-15T00:00:00Z,-1,5898.6742910803005,5776.1655526696995,0.4297886788845062,1
2024-10-16T00:00:00Z,1,5868.101424553082,5786.758438728168,0.5652515888214111,1
2024-10-17T00:00:00Z,0,5897.9936312876525,5820.7163296498475,0.511219322681427,1
2024-10-18T00:00:00Z,1,5886.698336320056,5831.581448836194,0.5574973821640015,1
2024-10-21T00:00:00Z,0,5887.6760763347265,5804.0338846027735,0.49267059564590454,1
2024-10-22T00:00:00Z,0,5884.301823616144,5799.908137321356,0.5078033208847046,1
2024-10-23T00:00:00Z,-1,5864.814994278189,5732.445259628061,0.41365158557891846,1
2024-10-24T00:00:00Z,0,5835.463958687615,5767.255767874885,0.5372328758239746,1
2024-10-25T00:00:00Z,0,5894.85408315016,5767.94572153734,0.50977623462677,1
2024-10-28T00:00:00Z,0,5853.690491080517,5812.309508919483,0.5428757071495056,1
2024-10-29T00:00:00Z,0,5871.108251668833,5778.251611612417,0.5312816500663757,1
2024-10-30T00:00:00Z,0,5869.826331773074,5792.393394789426,0.47620564699172974,1
2024-10-31T00:00:00Z,-1,5799.418131085797,5678.781575945453,0.33220604062080383,1
2024-11-01T00:00:00Z,1,5800.070107092499,5695.670127282501,0.5588275194168091,1
2024-11-04T00:00:00Z,0,5763.064998695918,5674.874942710332,0.48162567615509033,1
2024-11-05T00:00:00Z,1,5822.829982901458,5682.710056161042,0.6421607732772827,1
2024-11-06T00:00:00Z,1,5988.50098438561,5812.52928905189,0.7348890900611877,1
2024-11-07T00:00:00Z,1,6005.621704236022,5925.428100451478,0.5946472883224487,1
2024-11-08T00:00:00Z,1,6032.263089665968,5956.946871271532,0.5551318526268005,1
2024-11-11T00:00:00Z,0,6033.356286360533,5970.643713639467,0.524042010307312,1
2024-11-12T00:00:00Z,0,6033.8794030831195,5936.1205969168805,0.48072946071624756,1
2024-11-13T00:00:00Z,0,6029.99605270641,5944.10404494984,0.5157573819160461,1
2024-11-14T00:00:00Z,-1,6016.905364877122,5919.254303091628,0.4462294280529022,1
2024-11-15T00:00:00Z,-1,5938.727289677554,5829.602300166196,0.37566110491752625,1
2024-11-18T00:00:00Z,1,5931.6047940345015,5842.4655184654985,0.5569058656692505,1
2024-11-19T00:00:00Z,1,5961.53610319685,5817.26370149065,0.5574097037315369,1
2024-11-20T00:00:00Z,0,5951.529832348373,5829.700148120377,0.5133917927742004,1
2024-11-21T00:00:00Z,1,6006.859229219321,5843.720360624429,0.5724345445632935,1
2024-11-22T00:00:00Z,1,5988.65231770277,5928.60744792223,0.55194091796875,1
2024-11-25T00:00:00Z,0,6051.840299718548,5932.819856531452,0.5469807386398315,1
2024-11-26T00:00:00Z,1,6044.5324093839445,5973.1575320223055,0.5765473246574402,1
2024-11-27T00:00:00Z,0,6036.770057399699,5968.260216037801,0.4706682562828064,1
2024-11-29T00:00:00Z,1,6067.291944085882,5980.857958257868,0.5753186345100403,1
2024-12-02T00:00:00Z,0,6063.446263119578,6025.463893130422,0.5406128764152527,1
2024-12-03T00:00:00Z,0,6061.750071023591,6023.709889913909,0.5182231664657593,1
2024-12-04T00:00:00Z,1,6106.534372707567,6044.365529636183,0.5800783038139343,1
2024-12-05T00:00:00Z,0,6105.204680432129,6062.245026599121,0.49214428663253784,1
2024-12-06T00:00:00Z,0,6110.787671095575,6069.162524216925,0.5411370396614075,1
2024-12-09T00:00:00Z,-1,6106.265095114795,6030.874553322705,0.4452202022075653,1
2024-12-10T00:00:00Z,0,6082.442380846012,6012.847658216488,0.4799377918243408,1
2024-12-11T00:00:00Z,1,6112.126552248694,6040.613193845056,0.6022424101829529,1
2024-12-12T00:00:00Z,0,6092.560762267676,6038.369413513574,0.4530603885650635,1
2024-12-13T00:00:00Z,0,6100.535093618586,6013.815004037664,0.5128471255302429,1
2024-12-16T00:00:00Z,1,6099.663231197454,6044.666846927546,0.5556007027626038,1
2024-12-17T00:00:00Z,0,6068.250059755635,6024.620057431865,0.46997660398483276,1
2024-12-18T00:00:00Z,-1,6125.924998295959,5812.534962641541,0.2723536491394043,1
2024-12-19T00:00:00Z,0,5970.482342621253,5831.107501128747,0.5034157633781433,1
2024-12-20T00:00:00Z,1,6076.27014973099,5738.08971355026,0.6290727257728577,1
2024-12-23T00:00:00Z,1,6023.139327858458,5857.680496360292,0.5931451320648193,1
2024-12-24T00:00:00Z,1,6077.098833924625,5944.441205137875,0.6307302713394165,1
2024-12-26T00:00:00Z,0,6071.303627707239,5985.816489480261,0.5085815787315369,1
2024-12-27T00:00:00Z,-1,6035.123632491217,5903.996484696283,0.3954359292984009,1
2024-12-30T00:00:00Z,-1,5969.3574890558375,5840.5927062566625,0.39882028102874756,1
2024-12-31T00:00:00Z,0,5958.0710040927515,5840.5290935634985,0.4653514623641968,1
2025-01-02T00:00:00Z,0,5986.622572778724,5777.997056127526,0.48818397521972656,1
2025-01-03T00:00:00Z,1,5988.488798443694,5849.511201556306,0.645173966884613,1
2025-01-06T00:00:00Z,1,6056.106039586011,5924.943765101489,0.5745673179626465,1
2025-01-07T00:00:00Z,-1,6044.12772154808,5847.23263001442,0.3949776887893677,1
2025-01-08T00:00:00Z,0,5956.074677980621,5846.595243894379,0.5306788682937622,1
2025-01-10T00:00:00Z,-1,5919.810822589789,5778.319060222711,0.35679560899734497,1
2025-01-13T00:00:00Z,0,5873.274135715794,5738.645786159206,0.5308480262756348,1
2025-01-14T00:00:00Z,0,5906.901087582111,5770.438756167889,0.526032567024231,1
2025-01-15T00:00:00Z,1,5998.941499017354,5866.878325201396,0.6919080018997192,1
2025-01-16T00:00:00Z,0,5981.315633666818,5914.094522583182,0.48942673206329346,1
2025-01-17T00:00:00Z,1,6037.622984987887,5955.776917355863,0.6205644011497498,1
2025-01-21T00:00:00Z,1,6078.661683967512,5979.727964469988,0.6083797812461853,1
2025-01-22T00:00:00Z,1,6115.149304719351,6061.790636686899,0.5810025930404663,1
2025-01-23T00:00:00Z,1,6143.938627498108,6049.461274845642,0.5721428394317627,1
2025-01-24T00:00:00Z,0,6147.156577871647,6069.763832284603,0.48114681243896484,1
2025-01-27T00:00:00Z,-1,6036.901444077492,5943.188399672508,0.36371469497680664,1
2025-01-28T00:00:00Z,1,6123.517284917878,5945.652636957122,0.612903892993927,1
2025-01-29T00:00:00Z,0,6085.822241051093,5989.967798011407,0.4610408842563629,1
2025-01-30T00:00:00Z,1,6120.475276102021,5993.624821554229,0.5717309713363647,1
2025-01-31T00:00:00Z,0,6162.034280435939,5989.806051595311,0.4570363759994507,1
2025-02-03T00:00:00Z,-1,6064.335888991263,5881.724169602487,0.4297976791858673,1
2025-02-04T00:00:00Z,1,6073.058450767625,5960.291646888625,0.5924927592277527,1
2025-02-05T00:00:00Z,1,6093.929484323307,5975.990437551693,0.5568051934242249,1
2025-02-06T00:00:00Z,1,6104.6343260717695,6026.2255372094805,0.5538898706436157,1
2025-02-07T00:00:00Z,-1,6134.6959716212,5986.54377447255,0.4109230041503906,1
2025-02-10T00:00:00Z,1,6090.135893674218,6028.083832888282,0.587105393409729,1
2025-02-11T00:00:00Z,0,6093.825546015665,6024.794082890585,0.5169649720191956,1
2025-02-12T00:00:00Z,0,6091.95644903183,5974.04355096817,0.48260748386383057,1
2025-02-13T00:00:00Z,1,6158.122456615325,6009.737894947175,0.6248078346252441,1
2025-02-14T00:00:00Z,0,6137.640125322971,6097.450206708279,0.5123355388641357,1
2025-02-18T00:00:00Z,0,6145.912040854222,6083.227607583278,0.5405741930007935,1
2025-02-19T00:00:00Z,0,6167.014818387805,6091.565259737195,0.5398151874542236,1
2025-02-20T00:00:00Z,0,6157.698746363632,6061.391097386368,0.4648101329803467,1
2025-02-21T00:00:00Z,-1,6151.3407157598995,5972.0391670526005,0.34369444847106934,1
2025-02-24T00:00:00Z,0,6073.787520091253,5947.692460377497,0.45788055658340454,1
2025-02-25T00:00:00Z,0,6031.450182587796,5869.689954130954,0.4610317647457123,1
2025-02-26T00:00:00Z,0,6049.516657482833,5892.993108142167,0.5146751403808594,1
2025-02-27T00:00:00Z,-1,6041.32904175017,5811.14068481233,0.3531172275543213,1
2025-02-28T00:00:00Z,1,6041.341546100972,5755.718512492778,0.6730886697769165,1
2025-03-03T00:00:00Z,-1,6045.591416224372,5751.408583775628,0.3396602272987366,1
2025-03-04T00:00:00Z,-1,5916.010873376625,5681.659048498375,0.38441169261932373,1
2025-03-05T00:00:00Z,1,5935.2981830496865,5667.6417583565635,0.631837785243988,1
2025-03-06T00:00:00Z,-1,5846.029173393763,5677.691041449987,0.338003933429718,1
2025-03-07T00:00:00Z,1,5850.051184243115,5599.248620444385,0.5743795037269592,1
2025-03-10T00:00:00Z,-1,5745.404912708487,5523.985224010263,0.2832314670085907,1
2025-03-11T00:00:00Z,-1,5682.716167258914,5481.993793678586,0.43022072315216064,1
2025-03-12T00:00:00Z,1,5696.728178370977,5491.551606785273,0.5675148963928223,1
2025-03-13T00:00:00Z,-1,5632.202807271184,5470.226880228816,0.3696238100528717,1
2025-03-14T00:00:00Z,1,5703.235375429271,5505.884741758229,0.7119308710098267,1
2025-03-17T00:00:00Z,1,5745.799024440756,5588.841112277994,0.5839649438858032,1
2025-03-18T00:00:00Z,-1,5677.19730496456,5575.09224581669,0.39928680658340454,1
2025-03-19T00:00:00Z,1,5773.852538255625,5563.677735181875,0.6283961534500122,1
2025-03-20T00:00:00Z,0,5749.66282003891,5593.81716042984,0.48861968517303467,1
2025-03-21T00:00:00Z,0,5706.228392715304,5567.711548690946,0.522419273853302,1
2025-03-24T00:00:00Z,1,5814.340280003933,5678.879934839817,0.6869979500770569,1
2025-03-25T00:00:00Z,0,5801.033408105897,5746.336709081603,0.5308355689048767,1
2025-03-26T00:00:00Z,-1,5818.811140588368,5659.219132849132,0.3944741487503052,1
2025-03-27T00:00:00Z,0,5761.485580336535,5641.734146225965,0.4761309027671814,1
2025-03-28T00:00:00Z,-1,5722.697024537789,5535.613034055961,0.32437488436698914,1
2025-03-31T00:00:00Z,1,5707.328004152398,5408.962034910102,0.5745725035667419,1
2025-04-01T00:00:00Z,1,5701.694374809391,5507.395468940609,0.5554009675979614,1
2025-04-02T00:00:00Z,1,5768.031847179984,5498.758191882516,0.5872707962989807,1
2025-04-03T00:00:00Z,-1,5524.38381483237,5365.97604844888,0.22864854335784912,1
2025-04-04T00:00:00Z,-1,5341.002004335343,5021.038034727157,0.21986058354377747,1
2025-04-07T00:00:00Z,0,5446.977588799695,4634.632274481555,0.48698240518569946,1
2025-04-08T00:00:00Z,-1,5394.02377107754,4783.86636564121,0.3544418215751648,1
2025-04-09T00:00:00Z,1,5914.418459620734,4515.351559910516,0.812667965888977,1
2025-04-10T00:00:00Z,-1,5413.7615456678905,5054.6583762071095,0.25479936599731445,1
2025-04-11T00:00:00Z,1,5492.38403397135,5109.8459464974,0.6902987957000732,1
2025-04-14T00:00:00Z,1,5520.32079622068,5297.15918424807,0.5999691486358643,1
2025-04-15T00:00:00Z,0,5481.9944569442305,5354.8556407120195,0.4937344789505005,1
2025-04-16T00:00:00Z,-1,5412.252035028156,5175.778238409344,0.3073522746562958,1
2025-04-17T00:00:00Z,0,5366.715814447729,5217.174322271021,0.5280594825744629,1
2025-04-21T00:00:00Z,-1,5272.418615838484,5062.151208380266,0.30065232515335083,1
2025-04-22T00:00:00Z,1,5384.430963736522,5132.848821419728,0.7339723706245422,1
2025-04-23T00:00:00Z,1,5546.824722343241,5279.035140938009,0.6794817447662354,1
2025-04-24T00:00:00Z,1,5572.244135836721,5289.115727444529,0.7054178714752197,1
2025-04-25T00:00:00Z,1,5571.029367864132,5412.940358698368,0.5940415859222412,1
2025-04-28T00:00:00Z,0,5597.900443283841,5424.399849684909,0.5203514099121094,1
2025-04-29T00:00:00Z,1,5610.203669846058,5467.446720778942,0.5774109363555908,1
2025-04-30T00:00:00Z,0,5660.564603868057,5354.515474256943,0.5297777056694031,1
2025-05-01T00:00:00Z,1,5694.782465488766,5561.477788417484,0.5827205181121826,1
2025-05-02T00:00:00Z,1,5739.479983996833,5603.499996471917,0.6638054847717285,1
2025-05-05T00:00:00Z,-1,5705.027465831867,5612.832397449383,0.44269174337387085,1
2025-05-06T00:00:00Z,-1,5676.833654687216,5558.786462500284,0.4289197325706482,1
2025-05-07T00:00:00Z,1,5697.463023122866,5535.907094064634,0.5616129636764526,1
2025-05-08T00:00:00Z,1,5769.016082670947,5586.463897797803,0.5773826837539673,1
2025-05-09T00:00:00Z,0,5715.704438894405,5620.135404855595,0.5051425695419312,1
2025-05-12T00:00:00Z,1,5890.734438745538,5740.715756566962,0.7651255130767822,1
2025-05-13T00:00:00Z,1,5943.164639257651,5808.495516992349,0.5927366614341736,1
2025-05-14T00:00:00Z,0,5924.619197475578,5854.040470493172,0.5246638655662537,1
2025-05-15T00:00:00Z,1,5957.234450989985,5832.135666197515,0.5592650175094604,1
2025-05-16T00:00:00Z,1,5988.873406101164,5877.106574367586,0.5901899933815002,1
2025-05-19T00:00:00Z,0,6006.746804359951,5857.553000327549,0.5229975581169128,1
2025-05-20T00:00:00Z,0,5973.6373394340335,5888.6824847847165,0.4697977900505066,1
2025-05-21T00:00:00Z,-1,5976.083318867721,5793.196954569779,0.3509511947631836,1
2025-05-22T00:00:00Z,0,5904.635633017868,5799.264269325882,0.5081405639648438,1
2025-05-23T00:00:00Z,-1,5856.785726771806,5740.134195103194,0.43922919034957886,1
2025-05-27T00:00:00Z,1,5973.985597916035,5804.414304427715,0.7067369818687439,1
2025-05-28T00:00:00Z,0,5966.1171533826855,5855.6826513048145,0.45136481523513794,1
2025-05-29T00:00:00Z,1,5981.811456604279,5835.118230895721,0.557933509349823,1
2025-05-30T00:00:00Z,0,5962.3400570912345,5803.4602358775155,0.5122315287590027,1
2025-06-02T00:00:00Z,1,5979.861832146475,5818.968245978525,0.5589322447776794,1
2025-06-03T00:00:00Z,1,6011.576424604224,5898.773673052026,0.5773881673812866,1
2025-06-04T00:00:00Z,0,6003.005582989077,5953.584260760923,0.5139738321304321,1
2025-06-05T00:00:00Z,0,6035.3813852369785,5885.5190053880215,0.45453745126724243,1
2025-06-06T00:00:00Z,1,6040.708843493718,5954.791156506282,0.6233938336372375,1
2025-06-09T00:00:00Z,0,6035.512286115671,5979.977948259329,0.5234901905059814,1
2025-06-10T00:00:00Z,1,6067.535651269573,5975.753899511677,0.5739737153053284,1
2025-06-11T00:00:00Z,0,6086.934454259346,5974.785272303154,0.4823846220970154,1
2025-06-12T00:00:00Z,1,6068.526112889551,5980.783945704199,0.5558549761772156,1
2025-06-13T00:00:00Z,-1,6050.909252651676,5938.460864535824,0.3931536078453064,1
2025-06-16T00:00:00Z,1,6079.614138710662,5975.215939414338,0.6146489977836609,1
2025-06-17T00:00:00Z,-1,6043.702733791841,5954.347070895659,0.42213934659957886,1
2025-06-18T00:00:00Z,0,6041.878047267703,5948.262089451047,0.5096660256385803,1
2025-06-20T00:00:00Z,0,6050.277831913001,5920.482421993249,0.4886893630027771,1
2025-06-23T00:00:00Z,1,6081.52885272674,5890.47114727326,0.6167735457420349,1
2025-06-24T00:00:00Z,1,6128.603884719894,6032.405880905106,0.6314812302589417,1
2025-06-25T00:00:00Z,0,6123.092251938535,6065.507357436465,0.5131078958511353,1
2025-06-26T00:00:00Z,1,6170.099289730191,6083.690749332309,0.6007457375526428,1
2025-06-27T00:00:00Z,1,6219.28028801491,6100.74998542259,0.5711199641227722,1
2025-06-30T00:00:00Z,1,6237.963917674031,6152.086375294719,0.5705289840698242,1
2025-07-01T00:00:00Z,0,6227.203230674262,6161.546769325738,0.5005687475204468,1
2025-07-02T00:00:00Z,1,6249.848444463132,6166.041692255618,0.5659708380699158,1
2025-07-03T00:00:00Z,1,6307.717208629183,6223.392654652067,0.6040152311325073,1
2025-07-07T00:00:00Z,-1,6288.157076145217,6174.912748073533,0.42717090249061584,1
2025-07-08T00:00:00Z,0,6255.3023667507805,6205.1478285617195,0.5050930976867676,1
2025-07-09T00:00:00Z,1,6291.050808181317,6209.539523849933,0.580192506313324,1
2025-07-10T00:00:00Z,0,6311.314003418316,6230.346152831684,0.5439308881759644,1
2025-07-11T00:00:00Z,0,6284.603211291833,6222.436827770667,0.47623568773269653,1
2025-07-14T00:00:00Z,0,6291.342345934128,6221.187927503372,0.5289636254310608,1
2025-07-15T00:00:00Z,0,6330.346414162981,6213.373800680769,0.4689602255821228,1
2025-07-16T00:00:00Z,0,6304.638763271098,6165.071197666402,0.548902690410614,1
2025-07-17T00:00:00Z,1,6328.987839219975,6237.972121717525,0.572794497013092,1
2025-07-18T00:00:00Z,0,6331.147712284932,6269.732170527568,0.5121268630027771,1
2025-07-21T00:00:00Z,0,6353.157333744806,6286.712783442694,0.528870701789856,1
2025-07-22T00:00:00Z,0,6334.024261955405,6263.805816169595,0.5203157067298889,1
2025-07-23T00:00:00Z,1,6386.469582108082,6291.660788985668,0.5985980033874512,1
2025-07-24T00:00:00Z,0,6392.115680481656,6349.764202330844,0.5209980607032776,1
2025-07-25T00:00:00Z,1,6411.034784007759,6353.314825367241,0.5575279593467712,1
2025-07-28T00:00:00Z,0,6414.092314043519,6362.767549237731,0.5151345133781433,1
2025-07-29T00:00:00Z,0,6431.022307757288,6342.157379742712,0.47998714447021484,1
2025-07-30T00:00:00Z,0,6426.565913860686,6306.354008014314,0.4990990161895752,1
2025-07-31T00:00:00Z,0,6473.911633144657,6280.748523105343,0.47184211015701294,1
2025-08-01T00:00:00Z,-1,6313.54234561976,6186.42738094274,0.352092981338501,1
2025-08-04T00:00:00Z,1,6369.846396422101,6232.553505921649,0.66389399766922,1
2025-08-05T00:00:00Z,0,6371.998241275927,6263.371875911573,0.4590905010700226,1
2025-08-06T00:00:00Z,1,6383.5047739897855,6270.4351674164645,0.5930891036987305,1
2025-08-07T00:00:00Z,0,6429.736554680974,6270.293230475276,0.5041759014129639,1
2025-08-08T00:00:00Z,1,6419.063099971885,6331.317271121865,0.5984721779823303,1
2025-08-11T00:00:00Z,0,6428.199536913075,6343.110521680675,0.48505592346191406,1
2025-08-12T00:00:00Z,1,6485.066336995107,6347.243233317393,0.6335994005203247,1
2025-08-13T00:00:00Z,0,6499.6482061230345,6425.6515985644655,0.5493065714836121,1
2025-08-14T00:00:00Z,0,6490.888786817959,6424.100959275791,0.5165544748306274,1
2025-08-15T00:00:00Z,0,6500.321765047382,6422.868176358868,0.4806797504425049,1
2025-08-18T00:00:00Z,0,6464.387045864511,6428.663247104239,0.5120112299919128,1
2025-08-19T00:00:00Z,-1,6481.700180673972,6375.000014638528,0.44828128814697266,1
2025-08-20T00:00:00Z,0,6439.757594367024,6312.502171257976,0.48586416244506836,1
2025-08-21T00:00:00Z,0,6412.827537478879,6333.532325802371,0.4684333801269531,1
2025-08-22T00:00:00Z,1,6541.848843388987,6321.631137079763,0.6676406264305115,1
2025-08-25T00:00:00Z,0,6480.312077695737,6424.638117616763,0.4655534029006958,1
2025-08-26T00:00:00Z,1,6490.271739235381,6407.308338889619,0.5592833161354065,1
2025-08-27T00:00:00Z,0,6502.838144464302,6442.061757879448,0.5399715900421143,1
2025-08-28T00:00:00Z,0,6530.86629843415,6444.3236429721,0.5484930276870728,1
2025-08-29T00:00:00Z,-1,6512.642042971827,6423.687546871923,0.44251543283462524,1
2025-09-02T00:00:00Z,-1,6440.993004699092,6336.127112488408,0.4369725286960602,1
2025-09-03T00:00:00Z,1,6475.038591593504,6394.801252156496,0.5698311924934387,1
2025-09-04T00:00:00Z,1,6536.7075282005535,6411.8124913306965,0.6040921807289124,1
2025-09-05T00:00:00Z,0,6575.007803696091,6401.622079116409,0.47770315408706665,1
2025-09-08T00:00:00Z,0,6522.293538074009,6469.666422863491,0.5367879867553711,1
2025-09-09T00:00:00Z,0,6537.3263788332115,6463.9836797605385,0.54328453540802,1
2025-09-10T00:00:00Z,0,6577.630967995414,6494.679090598336,0.5465695261955261,1
2025-09-11T00:00:00Z,1,6621.403997167508,6517.285944238742,0.6055141091346741,1
2025-09-12T00:00:00Z,0,6610.729664285784,6568.970531026716,0.5077143907546997,1
2025-09-15T00:00:00Z,1,6629.545707857469,6592.144233548781,0.5655512809753418,1
2025-09-16T00:00:00Z,0,6640.394585229165,6586.705512427085,0.4986668825149536,1
2025-09-17T00:00:00Z,0,6661.173967317911,6514.366071744589,0.5022352933883667,1
2025-09-18T00:00:00Z,1,6682.238912868081,6586.451028538169,0.5664505958557129,1
2025-09-19T00:00:00Z,1,6695.376576426206,6606.753306386294,0.567499041557312,1
2025-09-22T00:00:00Z,1,6727.450910092215,6619.498796939035,0.5623104572296143,1
2025-09-23T00:00:00Z,0,6723.90676745525,6621.193330201,0.45210927724838257,1
2025-09-24T00:00:00Z,0,6697.155537817744,6597.264384057256,0.48124152421951294,1
2025-09-25T00:00:00Z,0,6641.771586297953,6546.448628545797,0.45744645595550537,1
2025-09-26T00:00:00Z,1,6674.735614754609,6578.664775870391,0.5784772634506226,1
2025-09-29T00:00:00Z,0,6695.121330007125,6626.678962961625,0.5426985621452332,1
2025-09-30T00:00:00Z,1,6719.330166339874,6612.919833660126,0.5588092803955078,1
2025-10-01T00:00:00Z,1,6752.807853909355,6621.872321871895,0.551188051700592,1
2025-10-02T00:00:00Z,0,6752.072996608447,6673.096925266553,0.5201001167297363,1
2025-10-03T00:00:00Z,0,6774.097680418985,6682.442358643515,0.5138819217681885,1
2025-10-06T00:00:00Z,1,6767.10141788621,6700.19838680129,0.5539152026176453,1
2025-10-07T00:00:00Z,0,6780.149789353949,6674.300405958551,0.4705561399459839,1
2025-10-08T00:00:00Z,1,6777.3322612716,6696.39771919715,0.5776818990707397,1
2025-10-09T00:00:00Z,0,6787.92609695741,6692.82390304259,0.4822545647621155,1
2025-10-10T00:00:00Z,-1,6822.2017703941965,6490.9779171058035,0.2825906574726105,1
2025-10-13T00:00:00Z,1,6700.869202298054,6588.520934420696,0.6710211038589478,1
2025-10-14T00:00:00Z,0,6742.958382038865,6492.811637492385,0.49556636810302734,1
2025-10-15T00:00:00Z,1,6786.632630969951,6549.597349498799,0.5580963492393494,1
2025-10-16T00:00:00Z,-1,6760.511171719176,6542.818906405824,0.44361943006515503,1
2025-10-17T00:00:00Z,1,6721.824561064772,6560.815087372728,0.5716801285743713,1
2025-10-20T00:00:00Z,1,6778.4063485224615,6655.9935538212885,0.6271835565567017,1
2025-10-21T00:00:00Z,0,6767.632485384296,6706.557456021954,0.5135127305984497,1
2025-10-22T00:00:00Z,0,6780.811525202327,6616.628416203923,0.45388680696487427,1
2025-10-23T00:00:00Z,1,6778.061149755144,6671.608772119856,0.5776790380477905,1
2025-10-24T00:00:00Z,1,6828.117523772118,6751.062163727882,0.5995330214500427,1
2025-10-27T00:00:00Z,1,6898.696782997111,6822.522943565389,0.6423844695091248,1
2025-10-28T00:00:00Z,0,6933.159689302527,6848.870095853723,0.538821280002594,1
2025-10-29T00:00:00Z,0,6955.420637996402,6816.829362003598,0.5126546025276184,1
2025-10-30T00:00:00Z,-1,6905.168747938675,6796.271193467575,0.406572163105011,1
2025-10-31T00:00:00Z,0,6914.38382602972,6779.04586147028,0.542502224445343,1
2025-11-03T00:00:00Z,0,6915.173441587307,6787.766499818943,0.5324760675430298,1
2025-11-04T00:00:00Z,-1,6841.022474914789,6745.897446960211,0.3890189528465271,1
2025-11-05T00:00:00Z,1,6866.714394689887,6726.175253747613,0.5539920926094055,1
2025-11-06T00:00:00Z,-1,6831.837616875739,6672.352324530511,0.39427250623703003,1
2025-11-07T00:00:00Z,0,6782.141471341136,6579.408333346364,0.5273299813270569,1
2025-11-10T00:00:00Z,1,6888.686911577242,6723.192971235258,0.669407069683075,1
2025-11-11T00:00:00Z,0,6881.018619715585,6780.981380284415,0.5364455580711365,1
2025-11-12T00:00:00Z,0,6890.8700653710985,6808.6602080664015,0.5202255845069885,1
2025-11-13T00:00:00Z,-1,6863.969471820223,6688.800547711027,0.347622275352478,1
2025-11-14T00:00:00Z,0,6838.985972270137,6582.194203511113,0.5075011253356934,1
2025-11-17T00:00:00Z,-1,6802.351809036947,6591.048093306803,0.4139426350593567,1
2025-11-18T00:00:00Z,-1,6705.687971013031,6535.261736018219,0.4231184422969818,1
2025-11-19T00:00:00Z,1,6737.627269089222,6555.622730910778,0.5550987720489502,1
2025-11-20T00:00:00Z,-1,6854.3605520112615,6450.0393503324885,0.35552412271499634,1
2025-11-21T00:00:00Z,1,6745.540151206136,6436.429575356364,0.6189127564430237,1
2025-11-24T00:00:00Z,1,6772.729031184979,6573.721164127521,0.6699489951133728,1
2025-11-25T00:00:00Z,1,6847.571840676479,6588.808042136021,0.6113381385803223,1
2025-11-26T00:00:00Z,1,6859.465859839693,6755.844198754057,0.5891532897949219,1
2025-11-28T00:00:00Z,1,6868.673035588727,6801.936827692523,0.5725892186164856,1
2025-12-01T00:00:00Z,0,6863.495992150012,6780.093851599988,0.45404043793678284,1
2025-12-02T00:00:00Z,0,6875.795192780439,6782.464572844561,0.5407108068466187,1
2025-12-03T00:00:00Z,0,6890.833810065698,6782.016287590552,0.546528697013855,1
2025-12-04T00:00:00Z,0,6887.14050083686,6806.44983119439,0.5252918601036072,1
2025-12-05T00:00:00Z,0,6915.832820542913,6838.237003675837,0.5348938703536987,1
2025-12-08T00:00:00Z,0,6902.4945404984755,6802.9654204390245,0.47424596548080444,1
2025-12-09T00:00:00Z,0,6878.755219734769,6823.594877921481,0.5032894015312195,1
2025-12-10T00:00:00Z,1,6945.307882334542,6780.051980946708,0.5874963402748108,1
2025-12-11T00:00:00Z,0,6941.019518409041,6795.890637840959,0.536490261554718,1
2025-12-12T00:00:00Z,-1,6938.994617310702,6762.645519408048,0.3991892337799072,1
2025-12-15T00:00:00Z,0,6891.351466335356,6771.728611789644,0.4952049255371094,1
2025-12-16T00:00:00Z,0,6848.2251301069045,6730.7851237993455,0.48639702796936035,1
2025-12-17T00:00:00Z,-1,6848.107373964958,6684.582567441292,0.3903709948062897,1
2025-12-18T00:00:00Z,1,6850.699824043782,6723.930058768718,0.5998613834381104,1
2025-12-19T00:00:00Z,1,6868.881043625181,6763.759093093569,0.6088836193084717,1
2025-12-22T00:00:00Z,1,6897.387647771015,6840.382371760235,0.5841812491416931,1
2025-12-23T00:00:00Z,1,6934.600767033204,6845.089174373046,0.5638455748558044,1
2025-12-24T00:00:00Z,0,6955.119578918559,6887.110401550191,0.5492112636566162,1
2025-12-26T00:00:00Z,0,6958.089934382355,6909.280182805145,0.5097209215164185,1
2025-12-29T00:00:00Z,0,6935.119941587618,6873.849784974882,0.4740822911262512,1
2025-12-30T00:00:00Z,0,6923.094049622654,6883.626165221096,0.4976823329925537,1
2025-12-31T00:00:00Z,-1,6926.011102230055,6819.958624332445,0.43240952491760254,1
2026-01-02T00:00:00Z,0,6932.579140076676,6786.601035704574,0.5344244837760925,1
2026-01-05T00:00:00Z,1,6937.190657899424,6874.749283506826,0.5833059549331665,1
2026-01-06T00:00:00Z,1,6974.6712890503695,6878.0386718871305,0.5816295742988586,1
2026-01-07T00:00:00Z,0,6987.761583328247,6897.118299484253,0.4746589660644531,1
2026-01-08T00:00:00Z,0,6947.702126864053,6882.907736417197,0.5140060186386108,1
2026-01-09T00:00:00Z,1,7013.856324181426,6882.143675818574,0.5845952033996582,1
2026-01-12T00:00:00Z,0,7014.073611009837,6906.326291333913,0.5308725237846375,1
2026-01-13T00:00:00Z,0,7008.953887600568,6915.646210055682,0.49136805534362793,1
2026-01-14T00:00:00Z,0,6966.520070852188,6860.519968210312,0.453931987285614,1
2026-01-15T00:00:00Z,0,7001.787146583054,6915.482872948196,0.5420787930488586,1
2026-01-16T00:00:00Z,0,6988.654685437679,6903.734962999821,0.50592041015625,1
2026-01-20T00:00:00Z,-1,6897.321587458282,6762.898139104218,0.3184562623500824,1
2026-01-21T00:00:00Z,1,6977.430812269391,6737.919285386859,0.6358774900436401,1
2026-01-22T00:00:00Z,1,6958.359474549652,6870.010642637848,0.5740224123001099,1
2026-01-23T00:00:00Z,0,6952.320092137787,6876.139868799713,0.5168219804763794,1
2026-01-26T00:00:00Z,1,6989.153186079493,6897.107067826757,0.5688108801841736,1
2026-01-27T00:00:00Z,1,7005.575421443646,6942.074480900104,0.5587108731269836,1
2026-01-28T00:00:00Z,0,7022.164287050109,6943.575459043641,0.5122254490852356,1
2026-01-29T00:00:00Z,0,7053.690731945739,6809.948916491761,0.4986141324043274,1
2026-01-30T00:00:00Z,0,6996.935010599816,6860.634813618934,0.4651640057563782,1
2026-02-02T00:00:00Z,1,7036.372031452716,6869.887734172284,0.5729835629463196,1
2026-02-03T00:00:00Z,-1,7048.323821704194,6806.806061108306,0.4216105341911316,1
2026-02-04T00:00:00Z,0,6980.527930767625,6794.361717669875,0.45675885677337646,1
2026-02-05T00:00:00Z,-1,6887.715112840466,6750.264867628284,0.38426315784454346,1
2026-02-06T00:00:00Z,1,7034.804341780808,6726.826029312942,0.7016330361366272,1
2026-02-09T00:00:00Z,1,7022.0683794811775,6863.9018353625725,0.5653818249702454,1
2026-02-10T00:00:00Z,0,7010.305254808452,6914.054608472798,0.47616708278656006,1
2026-02-11T00:00:00Z,0,7035.261410589679,6870.188784722821,0.5125941634178162,1
2026-02-12T00:00:00Z,-1,7026.143701684254,6771.116552221996,0.3547621965408325,1
2026-02-13T00:00:00Z,0,6927.304762041895,6749.205003583105,0.5187589526176453,1
2026-02-17T00:00:00Z,0,6914.998954526032,6727.491279848968,0.5247414708137512,1
2026-02-18T00:00:00Z,1,6943.301825372793,6815.478448064707,0.5748693346977234,1
2026-02-19T00:00:00Z,0,6901.298679184169,6810.881496597081,0.48151397705078125,1
2026-02-20T00:00:00Z,1,6962.742734051717,6789.447207354533,0.5895007848739624,1
2026-02-23T00:00:00Z,-1,6955.998247874202,6780.781537282048,0.40187597274780273,1
2026-02-24T00:00:00Z,1,6949.1573945425625,6765.4427031136875,0.59693843126297,1
2026-02-25T00:00:00Z,1,6974.9981764276745,6892.6614915410755,0.601940393447876,1
2026-02-26T00:00:00Z,0,6986.947653192896,6820.032327275854,0.453583687543869,1
2026-02-27T00:00:00Z,0,6906.764511618239,6807.935683694261,0.46475356817245483,1
2026-03-02T00:00:00Z,0,6954.925516618096,6742.934346663154,0.5176259875297546,1
2026-03-03T00:00:00Z,-1,6893.344447126205,6657.125279436295,0.41112929582595825,1
2026-03-04T00:00:00Z,1,6930.3727473084,6767.2073308166,0.5980204939842224,1
2026-03-05T00:00:00Z,0,6915.327875071089,6725.882085866411,0.45055216550827026,1
2026-03-06T00:00:00Z,-1,6796.618015854125,6688.361964614625,0.3750104308128357,1
2026-03-09T00:00:00Z,1,6915.718111500988,6530.761868967762,0.6036595702171326,1
2026-03-10T00:00:00Z,0,6886.826279425295,6717.994033074705,0.4891759753227234,1
2026-03-11T00:00:00Z,0,6844.174138444767,6712.565607648983,0.5037249326705933,1
2026-03-12T00:00:00Z,-1,6766.1334626787575,6645.1463224774925,0.3583085536956787,1
2026-03-13T00:00:00Z,-1,6782.097358094121,6575.122368468379,0.4461291432380676,1
2026-03-16T00:00:00Z,1,6764.257529627066,6639.902626622934,0.6219332218170166,1
2026-03-17T00:00:00Z,0,6777.8386851251125,6687.2609242498875,0.5411236882209778,1
2026-03-18T00:00:00Z,-1,6736.257554026131,6590.582778005119,0.3720949590206146,1
2026-03-19T00:00:00Z,0,6674.805913014861,6519.754145578889,0.48232996463775635,1
2026-03-20T00:00:00Z,-1,6638.1553316826175,6430.0248440986325,0.35904842615127563,1
2026-03-23T00:00:00Z,1,6706.2415929930285,6510.9283288819715,0.6346145868301392,1
2026-03-24T00:00:00Z,0,6629.043770525692,6491.816092755558,0.4713152050971985,1
2026-03-25T00:00:00Z,1,6671.507148064236,6530.842949592014,0.5732844471931458,1
2026-03-26T00:00:00Z,-1,6607.135161054102,6439.875092852148,0.3410930931568146,1
2026-03-27T00:00:00Z,-1,6487.765243973539,6322.204970870211,0.34633561968803406,1
2026-03-30T00:00:00Z,0,6479.096040217002,6265.124174626748,0.46907633543014526,1
2026-03-31T00:00:00Z,1,6646.781236571027,6288.148450928973,0.7524725198745728,1
2026-04-01T00:00:00Z,1,6642.449422555685,6521.510538381815,0.5919026732444763,1
2026-04-02T00:00:00Z,0,6668.664403782226,6408.185693874024,0.5257472991943359,1
2026-04-06T00:00:00Z,1,6639.735078369093,6558.115019287157,0.5624936819076538,1
2026-04-07T00:00:00Z,0,6661.929922108597,6490.879648203903,0.5216841101646423,1
2026-04-08T00:00:00Z,1,6832.552339865157,6701.227445291093,0.7337877154350281,1
2026-04-09T00:00:00Z,1,6878.190206210391,6718.669657070859,0.5813449025154114,1
2026-04-10T00:00:00Z,0,6864.437893801834,6789.792086666916,0.5003442764282227,1
2026-04-13T00:00:00Z,1,6947.355211200076,6729.664808331174,0.6223471164703369,1
2026-04-14T00:00:00Z,1,7010.392132923007,6864.197710826993,0.6376997828483582,1
2026-04-15T00:00:00Z,1,7061.723545061366,6931.646572126134,0.6002892851829529,1
2026-04-16T00:00:00Z,0,7074.396438718075,6985.353561281925,0.5424134731292725,1
2026-04-17T00:00:00Z,1,7194.227419141913,7027.842405076837,0.6400885581970215,1
2026-04-20T00:00:00Z,0,7141.253674243257,7065.806384350493,0.486503541469574,1
2026-04-21T00:00:00Z,-1,7175.846011676331,7011.624203167419,0.4430466294288635,1
2026-04-22T00:00:00Z,1,7160.976204609615,7080.574088359135,0.6251351833343506,1
2026-04-23T00:00:00Z,0,7195.056087447243,6999.273502396507,0.4670187830924988,1
2026-04-24T00:00:00Z,1,7202.066782241804,7079.342885726946,0.6002676486968994,1
2026-04-27T00:00:00Z,0,7195.614760177559,7129.845689041191,0.5269992351531982,1
2026-04-28T00:00:00Z,0,7169.652337952051,7098.037603454199,0.4586954116821289,1
2026-04-29T00:00:00Z,0,7164.841774527187,7088.647971566563,0.5086545348167419,1
2026-04-30T00:00:00Z,1,7278.191009738715,7067.788970730035,0.6229805946350098,1
2026-05-01T00:00:00Z,0,7296.105459510756,7205.734384239244,0.5459567904472351,1
2026-05-04T00:00:00Z,0,7277.482161007589,7141.177995242411,0.4677954912185669,1
2026-05-05T00:00:00Z,1,7297.113822543644,7209.766060268856,0.601772665977478,1
2026-05-06T00:00:00Z,1,7418.971240175655,7244.389111386845,0.6626394987106323,1
2026-05-07T00:00:00Z,0,7415.033239687793,7291.236779843457,0.47064781188964844,1
2026-05-08T00:00:00Z,1,7424.806694695202,7339.663520148548,0.6049007177352905,1
2026-05-11T00:00:00Z,0,7452.889017672307,7360.281392483943,0.5342593789100647,1
2026-05-12T00:00:00Z,0,7444.73931419896,7303.37054908229,0.49513721466064453,1
2026-05-13T00:00:00Z,1,7509.110761514632,7326.059160360368,0.5779134631156921,1
2026-05-14T00:00:00Z,1,7554.562818305596,7416.957201225654,0.5969797968864441,1
2026-05-15T00:00:00Z,-1,7476.828647380578,7375.521450275672,0.38323473930358887,1
2026-05-18T00:00:00Z,0,7474.899119573965,7312.330860894785,0.5048707127571106,1
2026-05-19T00:00:00Z,-1,7422.413288129086,7306.586711870914,0.43954604864120483,1
2026-05-20T00:00:00Z,1,7484.844506169407,7308.305396174343,0.628334105014801,1
2026-05-21T00:00:00Z,0,7506.679106918455,7348.760834487795,0.5324157476425171,1
2026-05-22T00:00:00Z,1,7530.192853058921,7439.417010222329,0.554802417755127,1
2026-05-26T00:00:00Z,1,7561.1499428446405,7479.0399985616095,0.5806856155395508,1
2026-05-27T00:00:00Z,0,7546.6852070093155,7483.7552226781845,0.5149997472763062,1
2026-05-28T00:00:00Z,1,7603.725885211956,7473.034368694294,0.5768880844116211,1
2026-05-29T00:00:00Z,0,7618.639584308257,7544.290103191743,0.5375288724899292,1
2026-06-01T00:00:00Z,0,7647.5295874900185,7532.7404320412315,0.5425844192504883,1
2026-06-02T00:00:00Z,0,7640.903677483526,7562.986459235224,0.5276694893836975,1
2026-06-03T00:00:00Z,-1,7628.748256963678,7527.822055536322,0.43225955963134766,1
2026-06-04T00:00:00Z,1,7643.784456669877,7470.945523798873,0.5584148168563843,1
2026-06-05T00:00:00Z,-1,7591.290895526952,7319.149045879298,0.2857188284397125,1
2026-06-08T00:00:00Z,0,7505.984011471533,7355.955929934717,0.5465102791786194,1
2026-06-09T00:00:00Z,0,7601.936408091104,7119.063591908896,0.4842503070831299,1
2026-06-10T00:00:00Z,-1,7442.337962997699,7220.152271377301,0.35043975710868835,1
2026-06-11T00:00:00Z,1,7519.2574154685135,7150.7528384377365,0.6860455274581909,1
2026-06-12T00:00:00Z,1,7509.540939137922,7309.868728830828,0.5690219402313232,1
2026-06-15T00:00:00Z,1,7619.420322872349,7475.249599002651,0.6784445643424988,1
2026-06-16T00:00:00Z,0,7590.294251605679,7483.345885113071,0.4501490294933319,1
2026-06-17T00:00:00Z,-1,7582.0773784729245,7352.7024066833255,0.3852071166038513,1
2026-06-18T00:00:00Z,1,7537.953308790922,7441.436339646578,0.628853440284729,1
2026-06-22T00:00:00Z,0,7563.030806779861,7426.988724470139,0.4717291593551636,1
2026-06-23T00:00:00Z,-1,7452.161215455126,7319.608804076124,0.36556559801101685,1
2026-06-24T00:00:00Z,0,7473.871039823629,7291.008842988871,0.5020918846130371,1
2026-06-25T00:00:00Z,0,7468.019832108403,7274.560246016597,0.5120288133621216,1
2026-06-26T00:00:00Z,0,7443.109489186929,7244.020881906821,0.5078392624855042,1
2026-06-29T00:00:00Z,1,7505.15267697192,7288.04703005933,0.6373940706253052,1
2026-06-30T00:00:00Z,1,7550.42011372745,7395.90996439755,0.5997163653373718,1
2026-07-01T00:00:00Z,0,7557.106187679805,7414.333753726445,0.4890003204345703,1
2026-07-02T00:00:00Z,0,7598.8398448660155,7369.4599598214845,0.5131602883338928,1
2026-07-06T00:00:00Z,1,7581.14480394125,7471.13546949625,0.5926666259765625,1
2026-07-07T00:00:00Z,0,7562.6781419531035,7452.0117994531465,0.4634860157966614,1
2026-07-08T00:00:00Z,0,7520.625529768411,7389.704060075339,0.4815683364868164,1
2026-07-09T00:00:00Z,1,7586.116970112547,7442.503147074953,0.6020064353942871,1
2026-07-10T00:00:00Z,1,7620.128924420191,7467.961407611059,0.56010502576828,1
2026-07-13T00:00:00Z,-1,7590.516717563092,7481.263555874408,0.4265030026435852,1
2026-07-14T00:00:00Z,1,7581.983342433174,7488.686579441826,0.5551554560661316,1
2026-07-15T00:00:00Z,1,7611.819810023473,7496.630385289027,0.5558188557624817,1
2026-07-16T00:00:00Z,0,7601.194281766628,7473.565972139622,0.4564440846443176,1
2026-07-17T00:00:00Z,-1,7525.668447606702,7404.061532862048,0.40467268228530884,1
2026-07-20T00:00:00Z,0,7548.958123979974,7404.801641645026,0.4914449453353882,1
2026-07-21T00:00:00Z,1,7544.220063436485,7438.949858438515,0.6092705130577087,1
2026-07-22T00:00:00Z,0,7545.897334398236,7465.892704664264,0.49781668186187744,1
2026-07-23T00:00:00Z,-1,7478.711720134568,7347.408397052932,0.38574686646461487,1
2026-07-24T00:00:00Z,0,7494.412409852957,7363.097355772043,0.5187327861785889,1
2026-07-27T00:00:00Z,0,7530.948784511769,7332.361274081981,0.5149664878845215,1
2026-07-28T00:00:00Z,0,7489.201882431866,7345.838156630634,0.5367692708969116,1
2026-07-29T00:00:00Z,-1,7499.974537355825,7264.785228269175,0.3588571548461914,1
2026-07-30T00:00:00Z,1,7501.558857864584,7318.171122604166,0.6790387630462646,1
2026-07-31T00:00:00Z,1,7578.263288889197,7333.606828298303,0.5901726484298706,1
2026-08-03T00:00:00Z,1,7679.969278114324,7434.850546104426,0.6643460988998413,1
2026-08-04T00:00:00Z,1,7847.148219560797,7540.161839032953,0.6888571977615356,1
2026-08-05T00:00:00Z,0,7830.0169652395125,7683.8331324167375,0.49430912733078003,1
2026-08-06T00:00:00Z,0,7764.9042271854705,7676.0957728145295,0.49337881803512573,1
2026-08-07T00:00:00Z,1,7788.602038007579,7693.667981523671,0.5814964771270752,1
2026-08-10T00:00:00Z,0,7789.28627608571,7727.58335282054,0.5065761804580688,1
2026-08-11T00:00:00Z,0,7791.492421221454,7693.267344403546,0.4771740436553955,1
2026-08-12T00:00:00Z,0,7781.234894494817,7722.725066442683,0.5426002144813538,1
2026-08-13T00:00:00Z,1,7848.010815588321,7731.869555505429,0.5850263237953186,1
2026-08-14T00:00:00Z,0,7826.660307936079,7759.659516282671,0.4940856695175171,1
2026-08-17T00:00:00Z,0,7811.522876310279,7724.037182283471,0.4550778865814209,1
2026-08-18T00:00:00Z,-1,7725.025255812798,7677.554822312202,0.4373982548713684,1
2026-08-19T00:00:00Z,0,7767.475258092221,7676.524741907779,0.5368192791938782,1
2026-08-20T00:00:00Z,-1,7725.492959450377,7613.476767112123,0.4189157783985138,1
2026-08-21T00:00:00Z,1,7717.917447645217,7639.252474229783,0.5616111755371094,1
2026-08-24T00:00:00Z,0,7685.777675177087,7622.692051385413,0.481728196144104,1
2026-08-25T00:00:00Z,0,7705.424661760102,7631.605123396148,0.548872709274292,1
2026-08-26T00:00:00Z,0,7707.750753723405,7640.389382995345,0.5108302235603333,1
2026-08-27T00:00:00Z,1,7771.700599832344,7659.459556417656,0.5922664403915405,1
2026-08-28T00:00:00Z,0,7805.7234153463505,7666.6667213723995,0.4852418899536133,1
2026-08-31T00:00:00Z,0,7712.969754000485,7649.610324124515,0.4759628176689148,1
2026-09-01T00:00:00Z,-1,7686.435281349346,7588.394796775654,0.4349710941314697,1
2026-09-02T00:00:00Z,1,7708.039470992517,7606.770587601233,0.5644235610961914,1
2026-09-03T00:00:00Z,1,7800.631313715596,7642.838412846904,0.6262907981872559,1
2026-09-04T00:00:00Z,0,7770.953598483291,7685.356460110459,0.4711536169052124,1
2026-09-08T00:00:00Z,-1,7740.601258300914,7644.199034667836,0.4484706521034241,1
2026-09-09T00:00:00Z,0,7677.452220159117,7607.388111872133,0.4592561721801758,1
2026-09-10T00:00:00Z,-1,7627.56685258908,7565.35306928592,0.4483864903450012,1
2026-09-11T00:00:00Z,1,7701.450340332463,7612.319679198787,0.6066627502441406,1
2026-09-14T00:00:00Z,0,7673.581944382575,7566.688075148675,0.4593700170516968,1
2026-09-15T00:00:00Z,0,7637.8979240276385,7552.0517830036115,0.46305227279663086,1
2026-09-16T00:00:00Z,0,7681.932757770788,7452.627300822962,0.4633062481880188,1
2026-09-17T00:00:00Z,1,7669.079264784581,7589.590657090419,0.6339379549026489,1
2026-09-18T00:00:00Z,0,7681.982353753323,7585.707587652927,0.5318860411643982,1
2026-09-21T00:00:00Z,1,7837.803174690169,7632.606981559831,0.6654865145683289,1
2026-09-22T00:00:00Z,0,7795.4936210709275,7742.9560859603225,0.5130578279495239,1
2026-09-23T00:00:00Z,-1,7790.799744897406,7666.030333227594,0.430423378944397,1
2026-09-24T00:00:00Z,0,7747.815093438898,7633.764496404852,0.5103713274002075,1
2026-09-25T00:00:00Z,1,7785.683082791453,7659.466819552297,0.5698152780532837,1
2026-09-28T00:00:00Z,-1,7748.822729925276,7641.927270074724,0.4287213087081909,1
2026-09-29T00:00:00Z,0,7721.659674402443,7631.490227941307,0.4790322780609131,1
