time,open,high,low,close,volume
2024-04-17T00:00:00Z,0,5114.251519174548,4970.958441762952,0.5132453441619873,1
2024-04-18T00:00:00Z,0,5083.413126756466,4975.137166212284,0.48846012353897095,1
2024-04-19T00:00:00Z,-1,5046.389373451384,4926.190704673616,0.4181083142757416,1
2024-04-22T00:00:00Z,1,5081.066685808153,4927.173060285597,0.6081059575080872,1
2024-04-23T00:00:00Z,1,5106.917923863977,4997.162154261023,0.6394872665405273,1
2024-04-24T00:00:00Z,0,5111.374103923386,5025.125896076614,0.5156416296958923,1
2024-04-25T00:00:00Z,0,5088.799972617417,4959.530105507583,0.46226006746292114,1
2024-04-26T00:00:00Z,1,5140.453744874103,5047.306509032147,0.6227974891662598,1
2024-04-29T00:00:00Z,0,5142.611810679169,5069.528326039581,0.548834502696991,1
2024-04-30T00:00:00Z,-1,5137.586779953053,5008.553356765697,0.3542994558811188,1
2024-05-01T00:00:00Z,0,5135.372544302838,4974.197768197162,0.47480905055999756,1
2024-05-02T00:00:00Z,1,5111.258719013073,4973.001046611927,0.6121084690093994,1
2024-05-03T00:00:00Z,1,5163.5624405602575,5076.7778914709925,0.6449178457260132,1
2024-05-06T00:00:00Z,1,5205.07150642667,5118.34841544833,0.6239361763000488,1
2024-05-07T00:00:00Z,0,5211.467912788299,5167.722028617951,0.5283461213111877,1
2024-05-08T00:00:00Z,0,5205.339223029499,5152.470835564251,0.5131796598434448,1
2024-05-09T00:00:00Z,1,5235.181066651945,5160.528894285555,0.5698326826095581,1
2024-05-10T00:00:00Z,0,5255.60283355994,5193.73749847131,0.5317774415016174,1
2024-05-13T00:00:00Z,0,5250.58441929135,5197.83550258365,0.5105307698249817,1
2024-05-14T00:00:00Z,1,5268.737960998929,5199.612136657321,0.5670813918113708,1
2024-05-15T00:00:00Z,1,5342.66281786561,5232.35671338439,0.6371763348579407,1
2024-05-16T00:00:00Z,0,5339.843686248583,5281.836489532667,0.489874005317688,1
2024-05-17T00:00:00Z,0,5316.956188559765,5272.083850502735,0.5263407230377197,1
2024-05-20T00:00:00Z,0,5337.319565113285,5290.400161449215,0.5235506892204285,1
2024-05-21T00:00:00Z,0,5338.637291810359,5283.552649595891,0.541309118270874,1
2024-05-22T00:00:00Z,0,5341.129971546412,5268.059969859838,0.4829055070877075,1
2024-05-23T00:00:00Z,-1,5378.600985527795,5220.209073065955,0.43226873874664307,1
2024-05-24T00:00:00Z,1,5331.2813466881635,5258.7586923743365,0.5902460217475891,1
2024-05-28T00:00:00Z,0,5333.982036281668,5262.818256687082,0.5160442590713501,1
2024-05-29T00:00:00Z,-1,5290.732248665081,5254.237966178669,0.43241211771965027,1
2024-05-30T00:00:00Z,-1,5277.249983014379,5205.060075579371,0.44712892174720764,1
2024-05-31T00:00:00Z,1,5333.602107744984,5138.408146161266,0.6009259819984436,1
2024-06-03T00:00:00Z,0,5337.7534529807745,5198.6762345192255,0.5257939100265503,1
2024-06-04T00:00:00Z,0,5320.625383420149,5235.804304079851,0.5301340818405151,1
2024-06-05T00:00:00Z,1,5390.242692715634,5261.557600253116,0.6384027600288391,1
2024-06-06T00:00:00Z,0,5376.142037641024,5321.567923296476,0.5109974145889282,1
2024-06-07T00:00:00Z,0,5396.985984623432,5309.424171626568,0.5007064342498779,1
2024-06-10T00:00:00Z,0,5384.370887178462,5312.939171415288,0.5421895980834961,1
2024-06-11T00:00:00Z,0,5402.425207500171,5300.774987812329,0.5436325669288635,1
2024-06-12T00:00:00Z,1,5470.343000097433,5386.036882715067,0.6057956218719482,1
2024-06-13T00:00:00Z,0,5463.199653353018,5381.240288053232,0.5395549535751343,1
2024-06-14T00:00:00Z,0,5446.96265907638,5389.17747764237,0.5088146924972534,1
2024-06-17T00:00:00Z,1,5529.167424297659,5379.732478046091,0.5971713066101074,1
2024-06-18T00:00:00Z,0,5500.701400475606,5460.998306555644,0.5415260195732117,1
2024-06-20T00:00:00Z,0,5529.760769641434,5431.329074108566,0.48491328954696655,1
2024-06-21T00:00:00Z,0,5491.336964616436,5439.002879133564,0.4956914186477661,1
2024-06-24T00:00:00Z,0,5511.287096916698,5426.962903083302,0.47891318798065186,1
2024-06-25T00:00:00Z,1,5487.544763708662,5431.895177697588,0.5571800470352173,1
2024-06-26T00:00:00Z,0,5499.741850503691,5435.268403402559,0.5309147238731384,1
2024-06-27T00:00:00Z,0,5502.990721585375,5455.359376070875,0.5234487652778625,1
2024-06-28T00:00:00Z,0,5557.554849767854,5417.205404138396,0.46766000986099243,1
2024-07-01T00:00:00Z,0,5497.487759872107,5428.591829971643,0.5432448387145996,1
2024-07-02T00:00:00Z,1,5539.508524505072,5428.611592682428,0.5817151665687561,1
2024-07-03T00:00:00Z,1,5557.416998398199,5489.272943008051,0.569762110710144,1
2024-07-05T00:00:00Z,1,5592.532567436458,5509.427393501042,0.5737048387527466,1
2024-07-08T00:00:00Z,0,5593.918273784628,5551.701355121622,0.5246776342391968,1
2024-07-09T00:00:00Z,0,5599.189259631792,5566.130564586958,0.5215802192687988,1
2024-07-10T00:00:00Z,1,5665.875679027929,5555.954399097071,0.6227869391441345,1
2024-07-11T00:00:00Z,-1,5670.009078751114,5548.970901717636,0.4180629849433899,1
2024-07-12T00:00:00Z,1,5692.967740380613,5553.032259619387,0.5744412541389465,1
2024-07-15T00:00:00Z,0,5695.379369690432,5586.310571715818,0.5449216365814209,1
2024-07-16T00:00:00Z,1,5687.562756290019,5621.127185116231,0.5837811231613159,1
2024-07-17T00:00:00Z,-1,5636.409567352923,5570.890725615827,0.3694073259830475,1
2024-07-18T00:00:00Z,-1,5653.077194703379,5483.782668577871,0.4277454912662506,1
2024-07-19T00:00:00Z,-1,5583.78699813725,5470.75304092525,0.43478357791900635,1
2024-07-22T00:00:00Z,1,5596.3266728848685,5503.0732294588815,0.6284346580505371,1
2024-07-23T00:00:00Z,0,5602.412983171409,5533.826762922341,0.49573659896850586,1
2024-07-24T00:00:00Z,-1,5534.733193935361,5393.286825595889,0.30312442779541016,1
2024-07-25T00:00:00Z,0,5537.49134015484,5345.04869890766,0.4560975432395935,1
2024-07-26T00:00:00Z,1,5524.694215158932,5394.325804372318,0.6312847137451172,1
2024-07-29T00:00:00Z,0,5510.359970257414,5421.820205523836,0.522392213344574,1
2024-07-30T00:00:00Z,0,5529.660794282157,5361.499361967843,0.45807817578315735,1
2024-07-31T00:00:00Z,1,5590.364728276618,5454.895037348382,0.6726994514465332,1
2024-08-01T00:00:00Z,-1,5624.008855563123,5352.571222561877,0.371443510055542,1
2024-08-02T00:00:00Z,-1,5411.23001014383,5274.68991173117,0.33398187160491943,1
2024-08-05T00:00:00Z,-1,5286.506187419058,5083.643714924692,0.27057623863220215,1
2024-08-06T00:00:00Z,1,5386.483111493319,5119.416790850431,0.6242077946662903,1
2024-08-07T00:00:00Z,-1,5388.542860660193,5137.637315121057,0.4285912811756134,1
2024-08-08T00:00:00Z,1,5396.0985536221415,5165.7813291903585,0.7227542400360107,1
2024-08-09T00:00:00Z,1,5391.3595615441445,5268.1502040808555,0.5652705430984497,1
2024-08-12T00:00:00Z,0,5395.258185735671,5300.312126764329,0.513729453086853,1
2024-08-13T00:00:00Z,1,5477.034874865989,5336.445105602761,0.6810292601585388,1
2024-08-14T00:00:00Z,1,5489.52318310205,5389.6071879917,0.5559698939323425,1
2024-08-15T00:00:00Z,1,5576.691670603439,5470.668192677811,0.6754240393638611,1
2024-08-16T00:00:00Z,0,5581.695040000399,5505.454862343351,0.5355889201164246,1
2024-08-19T00:00:00Z,1,5643.872732482152,5515.167306580348,0.6180193424224854,1
2024-08-20T00:00:00Z,0,5637.69816857134,5568.31159705366,0.4909602403640747,1
2024-08-21T00:00:00Z,1,5655.724332361366,5568.525667638634,0.5605438947677612,1
2024-08-22T00:00:00Z,-1,5677.473235079,5526.69717507725,0.41634875535964966,1
2024-08-23T00:00:00Z,1,5677.7986419177905,5549.1813385509595,0.6349987387657166,1
2024-08-26T00:00:00Z,0,5675.172656356997,5578.787304580503,0.47793036699295044,1
2024-08-27T00:00:00Z,0,5651.205386676651,5573.454769573349,0.5311699509620667,1
2024-08-28T00:00:00Z,-1,5656.575219219303,5531.404761249447,0.4471189081668854,1
2024-08-29T00:00:00Z,0,5679.379933131975,5551.280223118025,0.5128023028373718,1
2024-08-30T00:00:00Z,1,5694.625533572864,5538.534622677136,0.6216638088226318,1
2024-09-03T00:00:00Z,-1,5661.573767676367,5466.646447167383,0.3151857852935791,1
2024-09-04T00:00:00Z,0,5577.420381548931,5479.230009076069,0.49523836374282837,1
2024-09-05T00:00:00Z,0,5577.827461179346,5449.012382570654,0.47943687438964844,1
2024-09-06T00:00:00Z,-1,5563.494745848904,5361.595586182346,0.342298686504364,1
2024-09-09T00:00:00Z,1,5515.811062716995,5402.879366970505,0.6359061002731323,1
2024-09-10T00:00:00Z,1,5529.550506851898,5410.079864241852,0.5630963444709778,1
2024-09-11T00:00:00Z,1,5656.656305867771,5310.713811319729,0.627214252948761,1
2024-09-12T00:00:00Z,1,5639.536945691041,5496.673015246459,0.595414936542511,1
2024-09-13T00:00:00Z,1,5656.116406010289,5581.803515864711,0.5732616782188416,1
2024-09-16T00:00:00Z,0,5652.672578630998,5587.907011212752,0.5273719429969788,1
2024-09-17T00:00:00Z,0,5700.110916560923,5584.748946720327,0.5162214040756226,1
2024-09-18T00:00:00Z,0,5725.65038403403,5579.17969409097,0.4807877540588379,1
2024-09-19T00:00:00Z,1,5765.727279243991,5654.262466849759,0.6820259094238281,1
2024-09-20T00:00:00Z,0,5735.11742024796,5654.51295084579,0.4914472699165344,1
2024-09-23T00:00:00Z,0,5736.875332177442,5692.704745947558,0.5447332262992859,1
2024-09-24T00:00:00Z,0,5754.989132447023,5679.320926146727,0.541412889957428,1
2024-09-25T00:00:00Z,0,5755.292746331659,5697.797097418341,0.49234020709991455,1
2024-09-26T00:00:00Z,1,5793.254779632145,5695.125103180355,0.5583361983299255,1
2024-09-27T00:00:00Z,0,5781.969037408155,5709.150591498095,0.49915701150894165,1
2024-09-30T00:00:00Z,1,5799.673327918048,5668.996593956952,0.5605095624923706,1
2024-10-01T00:00:00Z,-1,5789.259930357832,5649.749835267168,0.4124247133731842,1
2024-10-02T00:00:00Z,0,5743.120247667888,5650.509635144612,0.5148022174835205,1
2024-10-03T00:00:00Z,0,5739.250840299646,5656.899062044104,0.4943544864654541,1
2024-10-04T00:00:00Z,1,5783.967839209479,5672.072199853021,0.6105190515518188,1
2024-10-07T00:00:00Z,-1,5760.851173782576,5665.338767623674,0.40981966257095337,1
2024-10-08T00:00:00Z,1,5784.185667286627,5687.974488963373,0.6176939010620117,1
2024-10-09T00:00:00Z,1,5827.42369507064,5714.39612914811,0.5914255976676941,1
2024-10-10T00:00:00Z,0,5809.8621888353955,5749.9273619458545,0.4900031089782715,1
2024-10-11T00:00:00Z,1,5849.421731991111,5747.797994571389,0.5801833868026733,1
2024-10-14T00:00:00Z,1,5896.414773418772,5804.565207049978,0.5976199507713318,1
2024-10-15T00:00:00Z,-1,5898.680909612391,5776.158934137609,0.42988914251327515,1
2024-10-16T00:00:00Z,1,5868.10525913423,5786.75460414702,0.5653520226478577,1
2024-10-17T00:00:00Z,0,5897.997471137729,5820.712489799771,0.5113198161125183,1
2024-10-18T00:00:00Z,1,5886.700955184759,5831.578829971491,0.5575978755950928,1
2024-10-21T00:00:00Z,0,5887.680310111202,5804.029650826298,0.49277108907699585,1
2024-10-22T00:00:00Z,0,5884.306028792227,5799.903932145273,0.5079037547111511,1
2024-10-23T00:00:00Z,-1,5864.822269698692,5732.437984207558,0.413752019405365,1
2024-10-24T00:00:00Z,0,5835.467260940059,5767.252465622441,0.5373333096504211,1
2024-10-25T00:00:00Z,0,5894.860394396121,5767.939410291379,0.5098766684532166,1
2024-10-28T00:00:00Z,0,5853.692483671941,5812.307516328059,0.5429761409759521,1
2024-10-29T00:00:00Z,0,5871.112773201661,5778.247090079589,0.5313820838928223,1
2024-10-30T00:00:00Z,0,5869.830314994324,5792.389411568176,0.47630608081817627,1
2024-10-31T00:00:00Z,-1,5799.425412687648,5678.774294343602,0.33230650424957275,1
2024-11-01T00:00:00Z,1,5800.075058460527,5695.665175914473,0.5589279532432556,1
2024-11-04T00:00:00Z,0,5763.0695129020605,5674.8704285041895,0.48172616958618164,1
2024-11-05T00:00:00Z,1,5822.836143496679,5682.703895565821,0.6422612071037292,1
2024-11-06T00:00:00Z,1,5988.508144542575,5812.522128894925,0.734989583492279,1
2024-11-07T00:00:00Z,1,6005.6253852986265,5925.4244193888735,0.59474778175354,1
2024-11-08T00:00:00Z,1,6032.2666741923895,5956.9432867451105,0.5552322864532471,1
2024-11-11T00:00:00Z,0,6033.35936348117,5970.64063651883,0.5241425037384033,1
2024-11-12T00:00:00Z,0,6033.884411660023,5936.115588339977,0.48082995414733887,1
2024-11-13T00:00:00Z,0,6030.000299027015,5944.099798629235,0.5158578157424927,1
2024-11-14T00:00:00Z,-1,6016.910548810178,5919.249119158572,0.44632989168167114,1
2024-11-15T00:00:00Z,-1,5938.733549572149,5829.596040271601,0.37576156854629517,1
2024-11-18T00:00:00Z,1,5931.609029321116,5842.461283178884,0.557006299495697,1
2024-11-19T00:00:00Z,1,5961.54295883124,5817.25684585626,0.5575101971626282,1
2024-11-20T00:00:00Z,0,5951.535872994777,5829.694107473973,0.5134922862052917,1
2024-11-21T00:00:00Z,1,6006.866872755578,5843.712717088172,0.5725350379943848,1
2024-11-22T00:00:00Z,1,5988.655185789219,5928.604579835781,0.5520414113998413,1
2024-11-25T00:00:00Z,0,6051.84600836155,5932.81414788845,0.5470811724662781,1
2024-11-26T00:00:00Z,1,6044.535738755483,5973.154202650767,0.5766477584838867,1
2024-11-27T00:00:00Z,0,6036.773603816808,5968.256669620692,0.4707687497138977,1
2024-11-29T00:00:00Z,1,6067.29598291099,5980.85391943276,0.5754191279411316,1
2024-12-02T00:00:00Z,0,6063.448096036911,6025.462060213089,0.5407133102416992,1
2024-12-03T00:00:00Z,0,6061.751948209479,6023.708012728021,0.5183236598968506,1
2024-12-04T00:00:00Z,1,6106.5372631715145,6044.3626391722355,0.5801787376403809,1
2024-12-05T00:00:00Z,0,6105.206856105098,6062.242850926152,0.49224478006362915,1
2024-12-06T00:00:00Z,0,6110.789679982816,6069.160515329684,0.5412375330924988,1
2024-12-09T00:00:00Z,-1,6106.2691015925375,6030.8705468449625,0.44532066583633423,1
2024-12-10T00:00:00Z,0,6082.445949344197,6012.844089718303,0.48003828525543213,1
2024-12-11T00:00:00Z,1,6112.129810316139,6040.609935777611,0.6023428440093994,1
2024-12-12T00:00:00Z,0,6092.563618466302,6038.366557314948,0.4531608521938324,1
2024-12-13T00:00:00Z,0,6100.539393196581,6013.810704459669,0.5129475593566895,1
2024-12-16T00:00:00Z,1,6099.665849031706,6044.664229093294,0.5557011961936951,1
2024-12-17T00:00:00Z,0,6068.252319876454,6024.617797311046,0.4700770974159241,1
2024-12-18T00:00:00Z,-1,6125.945380345191,5812.514580592309,0.2724541127681732,1
2024-12-19T00:00:00Z,0,5970.489317770116,5831.100525979884,0.5035161972045898,1
2024-12-20T00:00:00Z,1,6076.285199652746,5738.074663628504,0.629173219203949,1
2024-12-23T00:00:00Z,1,6023.146928708098,5857.672895510652,0.5932455658912659,1
2024-12-24T00:00:00Z,1,6077.104725388577,5944.435313673923,0.630830705165863,1
2024-12-26T00:00:00Z,0,6071.307884081034,5985.812233106466,0.5086820125579834,1
2024-12-27T00:00:00Z,-1,6035.130986228527,5903.989130958973,0.3955363631248474,1
2024-12-30T00:00:00Z,-1,5969.364683119056,5840.585512193444,0.3989207148551941,1
2024-12-31T00:00:00Z,0,5958.077118541376,5840.522979114874,0.4654518961906433,1
2025-01-02T00:00:00Z,0,5986.633174579329,5777.986454326921,0.4882844090461731,1
2025-01-03T00:00:00Z,1,5988.494892736897,5849.505107263103,0.6452744007110596,1
2025-01-06T00:00:00Z,1,6056.1121727275895,5924.9376319599105,0.5746678113937378,1
2025-01-07T00:00:00Z,-1,6044.138772547245,5847.221579015255,0.3950781524181366,1
2025-01-08T00:00:00Z,0,5956.080015222076,5846.589906652924,0.5307793617248535,1
2025-01-10T00:00:00Z,-1,5919.819120363798,5778.310762448702,0.3568961024284363,1
2025-01-13T00:00:00Z,0,5873.280694025045,5738.639227849955,0.5309484601020813,1
2025-01-14T00:00:00Z,0,5906.90776643157,5770.43207731843,0.5261330008506775,1
2025-01-15T00:00:00Z,1,5998.947063041531,5866.872761177219,0.6920084357261658,1
2025-01-16T00:00:00Z,0,5981.3190474011935,5914.0911088488065,0.48952722549438477,1
2025-01-17T00:00:00Z,1,6037.6266550099535,5955.7732473337965,0.6206648945808411,1
2025-01-21T00:00:00Z,1,6078.666166317416,5979.723482120084,0.6084802150726318,1
2025-01-22T00:00:00Z,1,6115.151783443842,6061.788157962408,0.5811030268669128,1
2025-01-23T00:00:00Z,1,6143.94305524457,6049.45684709918,0.572243332862854,1
2025-01-24T00:00:00Z,0,6147.160538975877,6069.759871180373,0.4812472462654114,1
2025-01-27T00:00:00Z,-1,6036.9068926125765,5943.1829511374235,0.3638151288032532,1
2025-01-28T00:00:00Z,1,6123.525310600642,5945.644611274358,0.6130043268203735,1
2025-01-29T00:00:00Z,0,6085.827251184033,5989.962787878467,0.46114134788513184,1
2025-01-30T00:00:00Z,1,6120.481219793524,5993.618877862726,0.5718314051628113,1
2025-01-31T00:00:00Z,0,6162.043320151293,5989.797011879957,0.4571368396282196,1
2025-02-03T00:00:00Z,-1,6064.345754490176,5881.714304103574,0.42989814281463623,1
2025-02-04T00:00:00Z,1,6073.063634143677,5960.286463512573,0.5925931930541992,1
2025-02-05T00:00:00Z,1,6093.935091837135,5975.984830037865,0.5569056868553162,1
2025-02-06T00:00:00Z,1,6104.638064397965,6026.221798883285,0.553990364074707,1
2025-02-07T00:00:00Z,-1,6134.704143729352,5986.535602364398,0.41102349758148193,1
2025-02-10T00:00:00Z,1,6090.138761760667,6028.080964801833,0.5872058868408203,1
2025-02-11T00:00:00Z,0,6093.828956756828,6024.790672149422,0.5170654654502869,1
2025-02-12T00:00:00Z,0,6091.962478637695,5974.037521362305,0.4827079772949219,1
2025-02-13T00:00:00Z,1,6158.129085158114,6009.731266404386,0.6249083280563354,1
2025-02-14T00:00:00Z,0,6137.6421189442335,6097.4482130870165,0.5124359726905823,1
2025-02-18T00:00:00Z,0,6145.915065932844,6083.224582504656,0.54067462682724,1
2025-02-19T00:00:00Z,0,6167.01846215449,6091.56161597051,0.5399156212806702,1
2025-02-20T00:00:00Z,0,6157.70376200648,6061.38608174352,0.464910626411438,1
2025-02-21T00:00:00Z,-1,6151.351391001546,5972.028491810954,0.34379491209983826,1
2025-02-24T00:00:00Z,0,6073.794134551223,5947.685845917527,0.45798105001449585,1
2025-02-25T00:00:00Z,0,6031.458637573436,5869.681499145314,0.4611322283744812,1
2025-02-26T00:00:00Z,0,6049.524403932097,5892.985361692903,0.5147755742073059,1
2025-02-27T00:00:00Z,-1,6041.342595314025,5811.127131248475,0.3532176911830902,1
2025-02-28T00:00:00Z,1,6041.353780145757,5755.706278447993,0.6731891632080078,1
2025-03-03T00:00:00Z,-1,6045.6090154114645,5751.3909845885355,0.3397606909275055,1
2025-03-04T00:00:00Z,-1,5916.02417987783,5681.64574199717,0.38451212644577026,1
2025-03-05T00:00:00Z,1,5935.310065367463,5667.629876038787,0.6319382786750793,1
2025-03-06T00:00:00Z,-1,5846.039266948093,5677.680947895657,0.3381044268608093,1
2025-03-07T00:00:00Z,1,5850.062906851876,5599.236897835624,0.5744799375534058,1
2025-03-10T00:00:00Z,-1,5745.419113252225,5523.971023466525,0.2833319306373596,1
2025-03-11T00:00:00Z,-1,5682.727009459864,5481.982951477636,0.43032121658325195,1
2025-03-12T00:00:00Z,1,5696.737830071506,5491.541955084744,0.5676153302192688,1
2025-03-13T00:00:00Z,-1,5632.212163437158,5470.217524062842,0.3697242736816406,1
2025-03-14T00:00:00Z,1,5703.243557596579,5505.876559590921,0.712031364440918,1
2025-03-17T00:00:00Z,1,5745.806300155353,5588.833836563397,0.5840654373168945,1
2025-03-18T00:00:00Z,-1,5677.203008286728,5575.086542494522,0.39938727021217346,1
2025-03-19T00:00:00Z,1,5773.861891646113,5563.668381791387,0.6284965872764587,1
2025-03-20T00:00:00Z,0,5749.670736215456,5593.809244253294,0.4887201189994812,1
2025-03-21T00:00:00Z,0,5706.235196077207,5567.704745329043,0.5225197076797485,1
2025-03-24T00:00:00Z,1,5814.346010763955,5678.874204079795,0.6870983839035034,1
2025-03-25T00:00:00Z,0,5801.036074224103,5746.334042963397,0.530936062335968,1
2025-03-26T00:00:00Z,-1,5818.820100286102,5659.210173151398,0.3945745825767517,1
2025-03-27T00:00:00Z,0,5761.491740931757,5641.727985630743,0.47623133659362793,1
2025-03-28T00:00:00Z,-1,5722.708424167329,5535.601634426421,0.32447534799575806,1
2025-03-31T00:00:00Z,1,5707.34194738837,5408.94809167413,0.5746729373931885,1
2025-04-01T00:00:00Z,1,5701.703619723499,5507.386224026501,0.555501401424408,1
2025-04-02T00:00:00Z,1,5768.044283908559,5498.745755153941,0.5873712301254272,1
2025-04-03T00:00:00Z,-1,5524.394735199385,5365.965128081865,0.22874900698661804,1
2025-04-04T00:00:00Z,-1,5341.024331395747,5021.015707666753,0.2199610471725464,1
2025-04-07T00:00:00Z,0,5447.018944839801,4634.590918441449,0.48708289861679077,1
2025-04-08T00:00:00Z,-1,5394.059641645625,4783.830495073125,0.3545422852039337,1
2025-04-09T00:00:00Z,1,5914.47201354173,4515.29800598952,0.8127684593200684,1
2025-04-10T00:00:00Z,-1,5413.785443944129,5054.634477930871,0.2548998296260834,1
2025-04-11T00:00:00Z,1,5492.4001822549035,5109.8297982138465,0.6903992891311646,1
2025-04-14T00:00:00Z,1,5520.33098422215,5297.1489962466,0.6000695824623108,1
2025-04-15T00:00:00Z,0,5482.000881717686,5354.849215938564,0.493834912776947,1
2025-04-16T00:00:00Z,-1,5412.266747946211,5175.763525491289,0.3074527382850647,1
2025-04-17T00:00:00Z,0,5366.723123333009,5217.167013385741,0.5281599760055542,1
2025-04-21T00:00:00Z,-1,5272.431811636809,5062.138012581941,0.30075281858444214,1
2025-04-22T00:00:00Z,1,5384.441208030999,5132.838577125251,0.7340728640556335,1
2025-04-23T00:00:00Z,1,5546.836123593181,5279.023739688069,0.6795821785926819,1
2025-04-24T00:00:00Z,1,5572.2559377793805,5289.1039255018695,0.705518364906311,1
2025-04-25T00:00:00Z,1,5571.036624208093,5412.933102354407,0.5941420197486877,1
2025-04-28T00:00:00Z,0,5597.908987237315,5424.391305731435,0.5204519033432007,1
2025-04-29T00:00:00Z,1,5610.210327535868,5467.440063089132,0.5775114297866821,1
2025-04-30T00:00:00Z,0,5660.579537152662,5354.500540972338,0.5298781991004944,1
2025-05-01T00:00:00Z,1,5694.788648201007,5561.471605705243,0.5828209519386292,1
2025-05-02T00:00:00Z,1,5739.485851382167,5603.494129086583,0.663905918598175,1
2025-05-05T00:00:00Z,-1,5705.032377036172,5612.827486245078,0.4427921772003174,1
2025-05-06T00:00:00Z,-1,5676.840040043753,5558.780077143747,0.4290202260017395,1
2025-05-07T00:00:00Z,1,5697.470665117027,5535.899452070473,0.5617133975028992,1
2025-05-08T00:00:00Z,1,5769.024591446301,5586.455389022449,0.5774831175804138,1
2025-05-09T00:00:00Z,0,5715.709216356045,5620.130627393955,0.5052430629730225,1
2025-05-12T00:00:00Z,1,5890.740397004993,5740.709798307507,0.7652260065078735,1
2025-05-13T00:00:00Z,1,5943.170831674652,5808.489324575348,0.5928371548652649,1
2025-05-14T00:00:00Z,0,5924.622658463457,5854.037009505293,0.524764358997345,1
2025-05-15T00:00:00Z,1,5957.240385107463,5832.129732080037,0.5593655109405518,1
2025-05-16T00:00:00Z,1,5988.878557419957,5877.101423048793,0.5902904868125916,1
2025-05-19T00:00:00Z,0,6006.754132333095,5857.545672354405,0.5230980515480042,1
2025-05-20T00:00:00Z,0,5973.641738465056,5888.678085753694,0.4698982238769531,1
2025-05-21T00:00:00Z,-1,5976.094111482787,5793.186161954713,0.3510516285896301,1
2025-05-22T00:00:00Z,0,5904.640881715139,5799.259020628611,0.5082409977912903,1
2025-05-23T00:00:00Z,-1,5856.791963673197,5740.127958201803,0.4393296241760254,1
2025-05-27T00:00:00Z,1,5973.992654422182,5804.407247921568,0.7068374156951904,1
2025-05-28T00:00:00Z,0,5966.122986025352,5855.676818662148,0.45146530866622925,1
2025-05-29T00:00:00Z,1,5981.818423821707,5835.111263678293,0.5580340027809143,1
2025-05-30T00:00:00Z,0,5962.347943813744,5803.452349155006,0.512332022190094,1
2025-06-02T00:00:00Z,1,5979.869466604956,5818.960611520044,0.5590327382087708,1
2025-06-03T00:00:00Z,1,6011.581685445155,5898.768412211095,0.5774886608123779,1
2025-06-04T00:00:00Z,0,6003.008032025769,5953.581811724231,0.5140743255615234,1
2025-06-05T00:00:00Z,0,6035.389269292355,5885.511121332645,0.45463788509368896,1
2025-06-06T00:00:00Z,1,6040.71268410678,5954.78731589322,0.6234942674636841,1
2025-06-09T00:00:00Z,0,6035.5150108736125,5979.9752235013875,0.523590624332428,1
2025-06-10T00:00:00Z,1,6067.53994535192,5975.74960542933,0.5740742087364197,1
2025-06-11T00:00:00Z,0,6086.940187030006,5974.779539532494,0.4824850559234619,1
2025-06-12T00:00:00Z,1,6068.530285944464,5980.779772649286,0.5559554100036621,1
2025-06-13T00:00:00Z,-1,6050.915574980667,5938.454542206833,0.39325404167175293,1
2025-06-16T00:00:00Z,1,6079.618842034601,5975.211236090399,0.6147494316101074,1
2025-06-17T00:00:00Z,-1,6043.707601274276,5954.342203413224,0.4222398102283478,1
2025-06-18T00:00:00Z,0,6041.882706129429,5948.257430589321,0.5097665190696716,1
2025-06-20T00:00:00Z,0,6050.2844244031,5920.47582950315,0.48878979682922363,1
2025-06-23T00:00:00Z,1,6081.537443840178,5890.462556159822,0.6168739795684814,1
2025-06-24T00:00:00Z,1,6128.608156672097,6032.401608952903,0.631581723690033,1
2025-06-25T00:00:00Z,0,6123.095106260036,6065.504503114964,0.5132083296775818,1
2025-06-26T00:00:00Z,1,6170.103234097362,6083.686804965138,0.6008462309837341,1
2025-06-27T00:00:00Z,1,6219.285845026374,6100.744428411126,0.5712203979492188,1
2025-06-30T00:00:00Z,1,6237.967948451813,6152.082344516937,0.5706294775009155,1
2025-07-01T00:00:00Z,0,6227.2065278205555,6161.5434721794445,0.5006692409515381,1
2025-07-02T00:00:00Z,1,6249.852392522735,6166.037744196015,0.5660712718963623,1
2025-07-03T00:00:00Z,1,6307.72104419113,6223.38881909012,0.6041156649589539,1
2025-07-07T00:00:00Z,-1,6288.163211441366,6174.906612777384,0.42727136611938477,1
2025-07-08T00:00:00Z,0,6255.304872594366,6205.145322718134,0.5051935315132141,1
2025-07-09T00:00:00Z,1,6291.054599796509,6209.535732234741,0.5802929997444153,1
2025-07-10T00:00:00Z,0,6311.3179005810525,6230.3422556689475,0.5440313816070557,1
2025-07-11T00:00:00Z,0,6284.606409089174,6222.433629973326,0.47633612155914307,1
2025-07-14T00:00:00Z,0,6291.345769707579,6221.184503729921,0.5290640592575073,1
2025-07-15T00:00:00Z,0,6330.352476335014,6213.367738508736,0.46906065940856934,1
2025-07-16T00:00:00Z,0,6304.645449126547,6165.064511810953,0.5490031838417053,1
2025-07-17T00:00:00Z,1,6328.992099615047,6237.967861322453,0.5728949308395386,1
2025-07-18T00:00:00Z,0,6331.150761239929,6269.729121572571,0.5122273564338684,1
2025-07-21T00:00:00Z,0,6353.160576756985,6286.709540430515,0.5289711356163025,1
2025-07-22T00:00:00Z,0,6334.027719950071,6263.802358174929,0.5204162001609802,1
2025-07-23T00:00:00Z,1,6386.47391838982,6291.65645270393,0.5986984968185425,1
2025-07-24T00:00:00Z,0,6392.11776473897,6349.76211807353,0.5210985541343689,1
2025-07-25T00:00:00Z,1,6411.037524850806,6353.312084524194,0.5576283931732178,1
2025-07-28T00:00:00Z,0,6414.094852989074,6362.765010292176,0.5152349472045898,1
2025-07-29T00:00:00Z,0,6431.026864113752,6342.152823386248,0.48008763790130615,1
2025-07-30T00:00:00Z,0,6426.571955975378,6306.347965899622,0.49919945001602173,1
2025-07-31T00:00:00Z,0,6473.921614246559,6280.738542003441,0.4719425439834595,1
2025-08-01T00:00:00Z,-1,6313.549839186133,6186.419887376367,0.3521934449672699,1
2025-08-04T00:00:00Z,1,6369.852320007223,6232.547582336527,0.6639944314956665,1
2025-08-05T00:00:00Z,0,6372.003930519451,6263.366186668049,0.4591909646987915,1
2025-08-06T00:00:00Z,1,6383.509968448867,6270.429972957383,0.593189537525177,1
2025-08-07T00:00:00Z,0,6429.744528136187,6270.285257020063,0.5042763352394104,1
2025-08-08T00:00:00Z,1,6419.067113673635,6331.313257420115,0.5985726714134216,1
2025-08-11T00:00:00Z,0,6428.203877218475,6343.106181375275,0.48515641689300537,1
2025-08-12T00:00:00Z,1,6485.07244237134,6347.23712794116,0.6336998343467712,1
2025-08-13T00:00:00Z,0,6499.651747396216,6425.648057291284,0.5494070053100586,1
2025-08-14T00:00:00Z,0,6490.892088036984,6424.097658056766,0.5166549682617188,1
2025-08-15T00:00:00Z,0,6500.325731153687,6422.864210252563,0.4807801842689514,1
2025-08-18T00:00:00Z,0,6464.3888195637555,6428.6614734049945,0.5121117234230042,1
2025-08-19T00:00:00Z,-1,6481.7058310575085,6374.9943642549915,0.4483817219734192,1
2025-08-20T00:00:00Z,0,6439.764076370106,6312.495689254894,0.4859645962715149,1
2025-08-21T00:00:00Z,0,6412.831649233849,6333.528214047401,0.46853381395339966,1
2025-08-22T00:00:00Z,1,6541.85831994898,6321.62166051977,0.6677411198616028,1
2025-08-25T00:00:00Z,0,6480.3149732107995,6424.6352221017005,0.46565383672714233,1
2025-08-26T00:00:00Z,1,6490.275672239717,6407.304405885283,0.559383749961853,1
2025-08-27T00:00:00Z,0,6502.841079162288,6442.058823181462,0.5400720238685608,1
2025-08-28T00:00:00Z,0,6530.870443340129,6444.319498066121,0.5485934615135193,1
2025-08-29T00:00:00Z,-1,6512.646783844582,6423.682805999168,0.44261589646339417,1
2025-09-02T00:00:00Z,-1,6440.998626639834,6336.121490547666,0.4370729923248291,1
2025-09-03T00:00:00Z,1,6475.04236009717,6394.79748365283,0.56993168592453,1
2025-09-04T00:00:00Z,1,6536.713208743662,6411.806810787588,0.6041926145553589,1
2025-09-05T00:00:00Z,0,6575.016714440775,6401.613168371725,0.47780364751815796,1
2025-09-08T00:00:00Z,0,6522.296088585514,6469.663872351986,0.5368884801864624,1
2025-09-09T00:00:00Z,0,6537.3299111675005,6463.9801474262495,0.5433850288391113,1
2025-09-10T00:00:00Z,0,6577.63495058738,6494.67510800637,0.5466700196266174,1
2025-09-11T00:00:00Z,1,6621.408726629743,6517.281214776507,0.6056145429611206,1
2025-09-12T00:00:00Z,0,6610.731746482197,6568.968448830303,0.507814884185791,1
2025-09-15T00:00:00Z,1,6629.547470500547,6592.142470905703,0.5656517148017883,1
2025-09-16T00:00:00Z,0,6640.397286529886,6586.702811126364,0.4987673759460449,1
2025-09-17T00:00:00Z,0,6661.181323114899,6514.358715947601,0.5023357272148132,1
2025-09-18T00:00:00Z,1,6682.243423317879,6586.446518088371,0.5665510296821594,1
2025-09-19T00:00:00Z,1,6695.380747884978,6606.749134927522,0.5675995349884033,1
2025-09-22T00:00:00Z,1,6727.456016169337,6619.493690861913,0.5624109506607056,1
2025-09-23T00:00:00Z,0,6723.9121848499635,6621.1879128062865,0.4522097110748291,1
2025-09-24T00:00:00Z,0,6697.160649938742,6597.259271936258,0.4813419580459595,1
2025-09-25T00:00:00Z,0,6641.776588839362,6546.443626004388,0.4575469493865967,1
2025-09-26T00:00:00Z,1,6674.740090735955,6578.660299889045,0.5785777568817139,1
2025-09-29T00:00:00Z,0,6695.1246281838685,6626.6756647848815,0.5427990555763245,1
2025-09-30T00:00:00Z,1,6719.335213139653,6612.914786860347,0.5589097142219543,1
2025-10-01T00:00:00Z,1,6752.814112618653,6621.866063162597,0.5512885451316833,1
2025-10-02T00:00:00Z,0,6752.076886705239,6673.093035169761,0.5202006101608276,1
2025-10-03T00:00:00Z,0,6774.102220047556,6682.437819014944,0.513982355594635,1
2025-10-06T00:00:00Z,1,6767.1046056794,6700.1951990081,0.5540156364440918,1
2025-10-07T00:00:00Z,0,6780.155269288225,6674.294926024275,0.4706566333770752,1
2025-10-08T00:00:00Z,1,6777.336034829379,6696.393945639371,0.577782392501831,1
2025-10-09T00:00:00Z,0,6787.930961860111,6692.819038139889,0.4823550581932068,1
2025-10-10T00:00:00Z,-1,6822.22303051909,6490.95665698091,0.2826911211013794,1
2025-10-13T00:00:00Z,1,6700.874020130286,6588.516116588464,0.6711215376853943,1
2025-10-14T00:00:00Z,0,6742.970999577752,6492.799019953498,0.4956668019294739,1
2025-10-15T00:00:00Z,1,6786.643887264683,6549.586093204067,0.5581968426704407,1
2025-10-16T00:00:00Z,-1,6760.522763597197,6542.807314527803,0.44371992349624634,1
2025-10-17T00:00:00Z,1,6721.832110143092,6560.807538294408,0.5717806220054626,1
2025-10-20T00:00:00Z,1,6778.4118021086615,6655.9881002350885,0.6272839903831482,1
2025-10-21T00:00:00Z,0,6767.635511492757,6706.554429913493,0.5136131644248962,1
2025-10-22T00:00:00Z,0,6780.820171108106,6616.619770298144,0.4539872705936432,1
2025-10-23T00:00:00Z,1,6778.066110146523,6671.603811728477,0.5777794718742371,1
2025-10-24T00:00:00Z,1,6828.12104297732,6751.05864452268,0.5996334552764893,1
2025-10-27T00:00:00Z,1,6898.700131445192,6822.519595117308,0.6424849033355713,1
2025-10-28T00:00:00Z,0,6933.163763885212,6848.866021271038,0.5389217138290405,1
2025-10-29T00:00:00Z,0,6955.427514730487,6816.822485269513,0.5127550959587097,1
2025-10-30T00:00:00Z,-1,6905.174781790105,6796.265159616145,0.4066726267337799,1
2025-10-31T00:00:00Z,0,6914.390345205087,6779.039342294913,0.5426026582717896,1
2025-11-03T00:00:00Z,0,6915.179638324975,6787.760303081275,0.5325765013694763,1
2025-11-04T00:00:00Z,-1,6841.027848124504,6745.892073750496,0.38911938667297363,1
2025-11-05T00:00:00Z,1,6866.72109060525,6726.16855783225,0.554092526435852,1
2025-11-06T00:00:00Z,-1,6831.846577916207,6672.343363490043,0.39437299966812134,1
2025-11-07T00:00:00Z,0,6782.151387020131,6579.398417667369,0.5274304747581482,1
2025-11-10T00:00:00Z,1,6888.694018251263,6723.185864561237,0.6695075035095215,1
2025-11-11T00:00:00Z,0,6881.0234666285105,6780.9765333714895,0.536545991897583,1
2025-11-12T00:00:00Z,0,6890.874114255363,6808.656159182137,0.5203260779380798,1
2025-11-13T00:00:00Z,-1,6863.979855765239,6688.790163766011,0.34772276878356934,1
2025-11-14T00:00:00Z,0,6838.998771551094,6582.181404230156,0.5076015591621399,1
2025-11-17T00:00:00Z,-1,6802.363422642244,6591.036479701506,0.4140430986881256,1
2025-11-18T00:00:00Z,-1,6705.697244816489,6535.252462214761,0.42321890592575073,1
2025-11-19T00:00:00Z,1,6737.635931506753,6555.614068493247,0.5551992058753967,1
2025-11-20T00:00:00Z,-1,6854.38429863847,6450.01560370528,0.35562461614608765,1
2025-11-21T00:00:00Z,1,6745.554032351996,6436.415694210504,0.619013249874115,1
2025-11-24T00:00:00Z,1,6772.7375730623025,6573.7126222501975,0.6700494289398193,1
2025-11-25T00:00:00Z,1,6847.583540113876,6588.796342698624,0.6114386320114136,1
2025-11-26T00:00:00Z,1,6859.470640294545,6755.839418299205,0.5892537832260132,1
2025-11-28T00:00:00Z,1,6868.676160071336,6801.933703209914,0.5726896524429321,1
2025-12-01T00:00:00Z,0,6863.500383411301,6780.089460338699,0.45414090156555176,1
2025-12-02T00:00:00Z,0,6875.799696217524,6782.460069407476,0.5408112406730652,1
2025-12-03T00:00:00Z,0,6890.8390315948345,6782.0110660614155,0.5466291308403015,1
2025-12-04T00:00:00Z,0,6887.144452917739,6806.445879113511,0.5253922939300537,1
2025-12-05T00:00:00Z,0,6915.836585781566,6838.233238437184,0.5349943041801453,1
2025-12-08T00:00:00Z,0,6902.499670666177,6802.960290271323,0.474346399307251,1
2025-12-09T00:00:00Z,0,6878.757980635157,6823.592117021093,0.503389835357666,1
2025-12-10T00:00:00Z,1,6945.315517823474,6780.044345457776,0.5875968337059021,1
2025-12-11T00:00:00Z,0,6941.026553930598,6795.883602319402,0.5365907549858093,1
2025-12-12T00:00:00Z,-1,6939.004465857608,6762.635670861142,0.39928966760635376,1
2025-12-15T00:00:00Z,0,6891.35750595131,6771.72257217369,0.4953054189682007,1
2025-12-16T00:00:00Z,0,6848.231108911015,6730.779144995235,0.4864974617958069,1
2025-12-17T00:00:00Z,-1,6848.116599498782,6684.573341907468,0.3904714584350586,1
2025-12-18T00:00:00Z,1,6850.705612033431,6723.924270779069,0.5999618172645569,1
2025-12-19T00:00:00Z,1,6868.885804178746,6763.754332540004,0.6089840531349182,1
2025-12-22T00:00:00Z,1,6897.3902896981745,6840.3797298330755,0.5842817425727844,1
2025-12-23T00:00:00Z,1,6934.604994774185,6845.084946632065,0.5639460682868958,1
2025-12-24T00:00:00Z,0,6955.1228339455265,6887.1071465232235,0.5493116974830627,1
2025-12-26T00:00:00Z,0,6958.092361860094,6909.277755327406,0.509821355342865,1
2025-12-29T00:00:00Z,0,6935.1231021256535,6873.8466244368465,0.47418278455734253,1
2025-12-30T00:00:00Z,0,6923.0960361821635,6883.6241786615865,0.49778276681900024,1
2025-12-31T00:00:00Z,-1,6926.016813913535,6819.952912648965,0.4325099587440491,1
2026-01-02T00:00:00Z,0,6932.586230899062,6786.593944882188,0.5345249772071838,1
2026-01-05T00:00:00Z,1,6937.193552384648,6874.746389021602,0.583406388759613,1
2026-01-06T00:00:00Z,1,6974.675778084085,6878.034182853415,0.58173006772995,1
2026-01-07T00:00:00Z,0,6987.766253501177,6897.113629311323,0.47475939989089966,1
2026-01-08T00:00:00Z,0,6947.705337599735,6882.904525681515,0.5141065120697021,1
2026-01-09T00:00:00Z,1,7013.862422495906,6882.137577504094,0.5846956372261047,1
2026-01-12T00:00:00Z,0,7014.078862822062,6906.321039521688,0.5309730172157288,1
2026-01-13T00:00:00Z,0,7008.958616827324,6915.641480828926,0.49146854877471924,1
2026-01-14T00:00:00Z,0,6966.52565091243,6860.51438815007,0.45403242111206055,1
2026-01-15T00:00:00Z,0,7001.7913079826685,6915.4787115485815,0.54217928647995,1
2026-01-16T00:00:00Z,0,6988.65892474557,6903.73072369193,0.5060208439826965,1
2026-01-20T00:00:00Z,-1,6897.32983754325,6762.88988901925,0.3185567259788513,1
2026-01-21T00:00:00Z,1,6977.441407309496,6737.908690346754,0.6359779834747314,1
2026-01-22T00:00:00Z,1,6958.363605381164,6870.006511806336,0.5741228461265564,1
2026-01-23T00:00:00Z,0,6952.323854385002,6876.136106552498,0.5169224143028259,1
2026-01-26T00:00:00Z,1,6989.157513332524,6897.102740573726,0.5689113736152649,1
2026-01-27T00:00:00Z,1,7005.578435216128,6942.071467127622,0.558811366558075,1
2026-01-28T00:00:00Z,0,7022.168188187439,6943.571557906311,0.5123259425163269,1
2026-01-29T00:00:00Z,0,7053.702996167995,6809.936652269505,0.4987146258354187,1
2026-01-30T00:00:00Z,0,6996.942102218571,6860.627722000179,0.4652644395828247,1
2026-02-02T00:00:00Z,1,7036.379823116818,6869.879942508182,0.5730839967727661,1
2026-02-03T00:00:00Z,-1,7048.336989385949,6806.792893426551,0.4217110276222229,1
2026-02-04T00:00:00Z,0,6980.537707777461,6794.351940660039,0.4568593502044678,1
2026-02-05T00:00:00Z,-1,6887.722918579035,6750.257061889715,0.38436359167099,1
2026-02-06T00:00:00Z,1,7034.817212365859,6726.813158727891,0.7017334699630737,1
2026-02-09T00:00:00Z,1,7022.075839106605,6863.894375737145,0.5654823184013367,1
2026-02-10T00:00:00Z,0,7010.310209164047,6914.049654117203,0.47626757621765137,1
2026-02-11T00:00:00Z,0,7035.269596927334,6870.180598385166,0.5126945972442627,1
2026-02-12T00:00:00Z,-1,7026.158684420137,6771.101569486113,0.35486263036727905,1
2026-02-13T00:00:00Z,0,6927.3135461884085,6749.1962194365915,0.5188594460487366,1
2026-02-17T00:00:00Z,0,6915.008143240353,6727.482091134647,0.5248419046401978,1
2026-02-18T00:00:00Z,1,6943.30780070828,6815.47247272922,0.5749698281288147,1
2026-02-19T00:00:00Z,0,6901.3033051720995,6810.8768706091505,0.4816144108772278,1
2026-02-20T00:00:00Z,1,6962.750721532357,6789.439219873893,0.5896012187004089,1
2026-02-23T00:00:00Z,-1,6956.008006924836,6780.771778231414,0.40197643637657166,1
2026-02-24T00:00:00Z,1,6949.165809836966,6765.434287819284,0.5970389246940613,1
2026-02-25T00:00:00Z,1,6975.001930848521,6892.657737120229,0.6020408868789673,1
2026-02-26T00:00:00Z,0,6986.956445771648,6820.023534697102,0.45368415117263794,1
2026-02-27T00:00:00Z,0,6906.769655811368,6807.930539501132,0.46485400199890137,1
2026-03-02T00:00:00Z,0,6954.935983980511,6742.923879300739,0.517726480960846,1
2026-03-03T00:00:00Z,-1,6893.357470214629,6657.112256347871,0.4112297594547272,1
2026-03-04T00:00:00Z,1,6930.380209522089,6767.199868602911,0.598120927810669,1
2026-03-05T00:00:00Z,0,6915.337883341126,6725.872077596374,0.4506525993347168,1
2026-03-06T00:00:00Z,-1,6796.624230520465,6688.355749948285,0.3751108944416046,1
2026-03-09T00:00:00Z,1,6915.7356375455565,6530.7443429231935,0.6037600636482239,1
2026-03-10T00:00:00Z,0,6886.834850432351,6717.985462067649,0.4892764091491699,1
2026-03-11T00:00:00Z,0,6844.1807267999975,6712.5590192937525,0.5038254261016846,1
2026-03-12T00:00:00Z,-1,6766.140541252884,6645.139243903366,0.35840898752212524,1
2026-03-13T00:00:00Z,-1,6782.108350053837,6575.111376508663,0.44622963666915894,1
2026-03-16T00:00:00Z,1,6764.263095661881,6639.897060588119,0.6220336556434631,1
2026-03-17T00:00:00Z,0,6777.843053996563,6687.256555378437,0.5412241220474243,1
2026-03-18T00:00:00Z,-1,6736.265944750368,6590.574387280882,0.37219542264938354,1
2026-03-19T00:00:00Z,0,6674.813843997661,6519.746214596089,0.48243045806884766,1
2026-03-20T00:00:00Z,-1,6638.167501860342,6430.012673920908,0.35914888978004456,1
2026-03-23T00:00:00Z,1,6706.250242494047,6510.919679380953,0.6347150802612305,1
2026-03-24T00:00:00Z,0,6629.050865184923,6491.808998096327,0.471415638923645,1
2026-03-25T00:00:00Z,1,6671.513729471306,6530.836368184944,0.5733848810195923,1
2026-03-26T00:00:00Z,-1,6607.1451501703705,6439.8651037358795,0.3411935567855835,1
2026-03-27T00:00:00Z,-1,6487.775070326956,6322.195144516794,0.346436083316803,1
2026-03-30T00:00:00Z,0,6479.107134681981,6265.113080161769,0.4691768288612366,1
2026-03-31T00:00:00Z,1,6646.795624207705,6288.134063292295,0.7525730133056641,1
2026-04-01T00:00:00Z,1,6642.454984569224,6521.504976368276,0.5920031070709229,1
2026-04-02T00:00:00Z,0,6668.677155886748,6408.172941769502,0.5258477330207825,1
2026-04-06T00:00:00Z,1,6639.738938288414,6558.111159367836,0.5625941753387451,1
2026-04-07T00:00:00Z,0,6661.938329420285,6490.871240892215,0.5217845439910889,1
2026-04-08T00:00:00Z,1,6832.55768814715,6701.2220970091,0.7338882088661194,1
2026-04-09T00:00:00Z,1,6878.197618631384,6718.662244649866,0.5814453959465027,1
2026-04-10T00:00:00Z,0,6864.441640993784,6789.788339474966,0.5004447102546692,1
2026-04-13T00:00:00Z,1,6947.364951270603,6729.655068260647,0.6224475502967834,1
2026-04-14T00:00:00Z,1,7010.398585796356,6864.191257953644,0.6378002166748047,1
2026-04-15T00:00:00Z,1,7061.729481740156,6931.640635447344,0.6003897190093994,1
2026-04-16T00:00:00Z,0,7074.400728242879,6985.349271757121,0.542513906955719,1
